日期,单位净值,历史净值,日增长率,申购状态,赎回状态
2013-02-06,1.0,1.0,%,场内买入,场内卖出
2013-02-08,1.0022,1.0022,%,场内买入,场内卖出
2013-02-22,0.9954,0.9954,-0.68%,场内买入,场内卖出
2013-03-01,1.0135,1.0135,1.82%,场内买入,场内卖出
2013-03-08,0.998,0.998,-1.53%,场内买入,场内卖出
2013-03-14,0.9682,0.9682,-2.99%,场内买入,场内卖出
2013-03-15,0.9699,0.9699,0.18%,场内买入,场内卖出
2013-03-18,0.9575,0.9575,-1.28%,场内买入,场内卖出
2013-03-19,0.9605,0.9605,0.31%,场内买入,场内卖出
2013-03-20,0.9851,0.9851,2.56%,场内买入,场内卖出
2013-03-21,0.9954,0.9954,1.05%,场内买入,场内卖出
2013-03-22,0.9995,0.9995,0.41%,场内买入,场内卖出
2013-03-25,0.9963,0.9963,-0.32%,场内买入,场内卖出
2013-03-26,0.9894,0.9894,-0.69%,场内买入,场内卖出
2013-03-27,0.9917,0.9917,0.23%,场内买入,场内卖出
2013-03-28,0.9631,0.9631,-2.88%,场内买入,场内卖出
2013-03-29,0.9626,0.9626,-0.05%,场内买入,场内卖出
2013-04-01,0.9691,0.9691,0.68%,场内买入,场内卖出
2013-04-02,0.9573,0.9573,-1.22%,场内买入,场内卖出
2013-04-03,0.9487,0.9487,-0.90%,场内买入,场内卖出
2013-04-08,0.9525,0.9525,0.40%,场内买入,场内卖出
2013-04-09,0.9618,0.9618,0.98%,场内买入,场内卖出
2013-04-10,0.9598,0.9598,-0.21%,场内买入,场内卖出
2013-04-11,0.9559,0.9559,-0.41%,场内买入,场内卖出
2013-04-12,0.9478,0.9478,-0.85%,场内买入,场内卖出
2013-04-15,0.9345,0.9345,-1.40%,场内买入,场内卖出
2013-04-16,0.9446,0.9446,1.08%,场内买入,场内卖出
2013-04-17,0.9529,0.9529,0.88%,场内买入,场内卖出
2013-04-18,0.9558,0.9558,0.30%,场内买入,场内卖出
2013-04-19,0.976,0.976,2.11%,场内买入,场内卖出
2013-04-22,0.9805,0.9805,0.46%,场内买入,场内卖出
2013-04-23,0.954,0.954,-2.70%,场内买入,场内卖出
2013-04-24,0.973,0.973,1.99%,场内买入,场内卖出
2013-04-25,0.9582,0.9582,-1.52%,场内买入,场内卖出
2013-04-26,0.9428,0.9428,-1.61%,场内买入,场内卖出
2013-05-02,0.9471,0.9471,0.46%,场内买入,场内卖出
2013-05-03,0.9656,0.9656,1.95%,场内买入,场内卖出
2013-05-06,0.9838,0.9838,1.88%,场内买入,场内卖出
2013-05-07,0.9859,0.9859,0.21%,场内买入,场内卖出
2013-05-08,0.9949,0.9949,0.91%,场内买入,场内卖出
2013-05-09,0.9955,0.9955,0.06%,场内买入,场内卖出
2013-05-10,1.0018,1.0018,0.63%,场内买入,场内卖出
2013-05-13,1.0056,1.0056,0.38%,场内买入,场内卖出
2013-05-14,0.9944,0.9944,-1.11%,场内买入,场内卖出
2013-05-15,1.0077,1.0077,1.34%,场内买入,场内卖出
2013-05-16,1.018,1.018,1.02%,场内买入,场内卖出
2013-05-17,1.0335,1.0335,1.52%,场内买入,场内卖出
2013-05-20,1.0462,1.0462,1.23%,场内买入,场内卖出
2013-05-21,1.0598,1.0598,1.30%,场内买入,场内卖出
2013-05-22,1.0516,1.0516,-0.77%,场内买入,场内卖出
2013-05-23,1.0428,1.0428,-0.84%,场内买入,场内卖出
2013-05-24,1.0591,1.0591,1.56%,场内买入,场内卖出
2013-05-27,1.0699,1.0699,1.02%,场内买入,场内卖出
2013-05-28,1.0721,1.0721,0.21%,场内买入,场内卖出
2013-05-29,1.0802,1.0802,0.76%,场内买入,场内卖出
2013-05-30,1.0829,1.0829,0.25%,场内买入,场内卖出
2013-05-31,1.0763,1.0763,-0.61%,场内买入,场内卖出
2013-06-03,1.0691,1.0691,-0.67%,场内买入,场内卖出
2013-06-04,1.0483,1.0483,-1.95%,场内买入,场内卖出
2013-06-05,1.0527,1.0527,0.42%,场内买入,场内卖出
2013-06-06,1.0344,1.0344,-1.74%,场内买入,场内卖出
2013-06-07,1.0142,1.0142,-1.95%,场内买入,场内卖出
2013-06-13,0.986,0.986,-2.78%,场内买入,场内卖出
2013-06-14,1.0057,1.0057,2.00%,场内买入,场内卖出
2013-06-17,1.0081,1.0081,0.24%,场内买入,场内卖出
2013-06-18,1.0119,1.0119,0.38%,场内买入,场内卖出
2013-06-19,1.0059,1.0059,-0.59%,场内买入,场内卖出
2013-06-20,0.9729,0.9729,-3.28%,场内买入,场内卖出
2013-06-21,0.968,0.968,-0.50%,场内买入,场内卖出
2013-06-24,0.9083,0.9083,-6.17%,场内买入,场内卖出
2013-06-25,0.9046,0.9046,-0.41%,场内买入,场内卖出
2013-06-26,0.9234,0.9234,2.08%,场内买入,场内卖出
2013-06-27,0.9086,0.9086,-1.60%,场内买入,场内卖出
2013-06-28,0.9095,0.9095,0.10%,场内买入,场内卖出
2013-06-30,0.9095,0.9095,0.00%,场内买入,场内卖出
2013-07-01,0.9266,0.9266,1.88%,场内买入,场内卖出
2013-07-02,0.9416,0.9416,1.62%,场内买入,场内卖出
2013-07-03,0.9431,0.9431,0.16%,场内买入,场内卖出
2013-07-04,0.9506,0.9506,0.80%,场内买入,场内卖出
2013-07-05,0.9454,0.9454,-0.55%,场内买入,场内卖出
2013-07-08,0.9089,0.9089,-3.86%,场内买入,场内卖出
2013-07-09,0.9143,0.9143,0.59%,场内买入,场内卖出
2013-07-10,0.9429,0.9429,3.13%,场内买入,场内卖出
2013-07-11,0.9694,0.9694,2.81%,场内买入,场内卖出
2013-07-12,0.9609,0.9609,-0.88%,场内买入,场内卖出
2013-07-15,0.9803,0.9803,2.02%,场内买入,场内卖出
2013-07-16,0.9925,0.9925,1.24%,场内买入,场内卖出
2013-07-17,0.9782,0.9782,-1.44%,场内买入,场内卖出
2013-07-18,0.9772,0.9772,-0.10%,场内买入,场内卖出
2013-07-19,0.9529,0.9529,-2.49%,场内买入,场内卖出
2013-07-22,0.9716,0.9716,1.96%,场内买入,场内卖出
2013-07-23,0.9951,0.9951,2.42%,场内买入,场内卖出
2013-07-24,1.001,1.001,0.59%,场内买入,场内卖出
2013-07-25,0.982,0.982,-1.90%,场内买入,场内卖出
2013-07-26,0.9809,0.9809,-0.11%,场内买入,场内卖出
2013-07-29,0.962,0.962,-1.93%,场内买入,场内卖出
2013-07-30,0.9577,0.9577,-0.45%,场内买入,场内卖出
2013-07-31,0.963,0.963,0.55%,场内买入,场内卖出
2013-08-01,0.9884,0.9884,2.64%,场内买入,场内卖出
2013-08-02,0.9919,0.9919,0.35%,场内买入,场内卖出
2013-08-05,1.0084,1.0084,1.66%,场内买入,场内卖出
2013-08-06,1.0192,1.0192,1.07%,场内买入,场内卖出
2013-08-07,1.0094,1.0094,-0.96%,场内买入,场内卖出
2013-08-08,1.0121,1.0121,0.27%,场内买入,场内卖出
2013-08-09,1.0158,1.0158,0.37%,场内买入,场内卖出
2013-08-12,1.032,1.032,1.59%,场内买入,场内卖出
2013-08-13,1.0374,1.0374,0.52%,场内买入,场内卖出
2013-08-14,1.0334,1.0334,-0.39%,场内买入,场内卖出
2013-08-15,1.0194,1.0194,-1.35%,场内买入,场内卖出
2013-08-16,0.9978,0.9978,-2.12%,场内买入,场内卖出
2013-08-19,1.0131,1.0131,1.53%,场内买入,场内卖出
2013-08-20,1.0105,1.0105,-0.26%,场内买入,场内卖出
2013-08-21,1.0183,1.0183,0.77%,场内买入,场内卖出
2013-08-22,1.0209,1.0209,0.26%,场内买入,场内卖出
2013-08-23,1.0185,1.0185,-0.24%,场内买入,场内卖出
2013-08-26,1.0396,1.0396,2.07%,场内买入,场内卖出
2013-08-27,1.0476,1.0476,0.77%,场内买入,场内卖出
2013-08-28,1.0397,1.0397,-0.75%,场内买入,场内卖出
2013-08-29,1.0389,1.0389,-0.08%,场内买入,场内卖出
2013-08-30,1.0285,1.0285,-1.00%,场内买入,场内卖出
2013-09-02,1.0357,1.0357,0.70%,场内买入,场内卖出
2013-09-03,1.0511,1.0511,1.49%,场内买入,场内卖出
2013-09-04,1.054,1.054,0.28%,场内买入,场内卖出
2013-09-05,1.056,1.056,0.19%,场内买入,场内卖出
2013-09-06,1.0645,1.0645,0.80%,场内买入,场内卖出
2013-09-09,1.0754,1.0754,1.02%,场内买入,场内卖出
2013-09-10,1.0863,1.0863,1.01%,场内买入,场内卖出
2013-09-11,1.076,1.076,-0.95%,场内买入,场内卖出
2013-09-12,1.079,1.079,0.28%,场内买入,场内卖出
2013-09-13,1.0803,1.0803,0.12%,场内买入,场内卖出
2013-09-16,1.0815,1.0815,0.11%,场内买入,场内卖出
2013-09-17,1.0624,1.0624,-1.77%,场内买入,场内卖出
2013-09-18,1.0725,1.0725,0.95%,场内买入,场内卖出
2013-09-23,1.0941,1.0941,2.01%,场内买入,场内卖出
2013-09-24,1.0951,1.0951,0.09%,场内买入,场内卖出
2013-09-25,1.0911,1.0911,-0.37%,场内买入,场内卖出
2013-09-26,1.0684,1.0684,-2.08%,场内买入,场内卖出
2013-09-27,1.0725,1.0725,0.38%,场内买入,场内卖出
2013-09-30,1.0865,1.0865,1.31%,场内买入,场内卖出
2013-10-08,1.1046,1.1046,1.67%,场内买入,场内卖出
2013-10-09,1.1166,1.1166,1.09%,场内买入,场内卖出
2013-10-10,1.1106,1.1106,-0.54%,场内买入,场内卖出
2013-10-11,1.1294,1.1294,1.69%,场内买入,场内卖出
2013-10-14,1.141,1.141,1.03%,场内买入,场内卖出
2013-10-15,1.1426,1.1426,0.14%,场内买入,场内卖出
2013-10-16,1.1115,1.1115,-2.72%,场内买入,场内卖出
2013-10-17,1.1097,1.1097,-0.16%,场内买入,场内卖出
2013-10-18,1.1135,1.1135,0.34%,场内买入,场内卖出
2013-10-21,1.1411,1.1411,2.48%,场内买入,场内卖出
2013-10-22,1.1291,1.1291,-1.05%,场内买入,场内卖出
2013-10-23,1.1005,1.1005,-2.53%,场内买入,场内卖出
2013-10-24,1.0932,1.0932,-0.66%,场内买入,场内卖出
2013-10-25,1.0717,1.0717,-1.97%,场内买入,场内卖出
2013-10-28,1.068,1.068,-0.35%,场内买入,场内卖出
2013-10-29,1.0386,1.0386,-2.75%,场内买入,场内卖出
2013-10-30,1.0555,1.0555,1.63%,场内买入,场内卖出
2013-10-31,1.0413,1.0413,-1.35%,场内买入,场内卖出
2013-11-01,1.0381,1.0381,-0.31%,场内买入,场内卖出
2013-11-04,1.0453,1.0453,0.69%,场内买入,场内卖出
2013-11-05,1.059,1.059,1.31%,场内买入,场内卖出
2013-11-06,1.0477,1.0477,-1.07%,场内买入,场内卖出
2013-11-07,1.0331,1.0331,-1.39%,场内买入,场内卖出
2013-11-08,1.0177,1.0177,-1.49%,场内买入,场内卖出
2013-11-11,1.0221,1.0221,0.43%,场内买入,场内卖出
2013-11-12,1.0317,1.0317,0.94%,场内买入,场内卖出
2013-11-13,1.0124,1.0124,-1.87%,场内买入,场内卖出
2013-11-14,1.0259,1.0259,1.33%,场内买入,场内卖出
2013-11-15,1.0473,1.0473,2.09%,场内买入,场内卖出
2013-11-18,1.0729,1.0729,2.44%,场内买入,场内卖出
2013-11-19,1.0763,1.0763,0.32%,场内买入,场内卖出
2013-11-20,1.087,1.087,0.99%,场内买入,场内卖出
2013-11-21,1.0833,1.0833,-0.34%,场内买入,场内卖出
2013-11-22,1.0769,1.0769,-0.59%,场内买入,场内卖出
2013-11-25,1.0761,1.0761,-0.07%,场内买入,场内卖出
2013-11-26,1.0777,1.0777,0.15%,场内买入,场内卖出
2013-11-27,1.0901,1.0901,1.15%,场内买入,场内卖出
2013-11-28,1.0993,1.0993,0.84%,场内买入,场内卖出
2013-11-29,1.1059,1.1059,0.60%,场内买入,场内卖出
2013-12-02,1.0567,1.0567,-4.45%,场内买入,场内卖出
2013-12-03,1.0816,1.0816,2.36%,场内买入,场内卖出
2013-12-04,1.1021,1.1021,1.90%,场内买入,场内卖出
2013-12-05,1.1008,1.1008,-0.12%,场内买入,场内卖出
2013-12-06,1.098,1.098,-0.25%,场内买入,场内卖出
2013-12-09,1.1061,1.1061,0.74%,场内买入,场内卖出
2013-12-10,1.1068,1.1068,0.06%,场内买入,场内卖出
2013-12-11,1.0945,1.0945,-1.11%,场内买入,场内卖出
2013-12-12,1.0972,1.0972,0.25%,场内买入,场内卖出
2013-12-13,1.0993,1.0993,0.19%,场内买入,场内卖出
2013-12-16,1.0801,1.0801,-1.75%,场内买入,场内卖出
2013-12-17,1.0733,1.0733,-0.63%,场内买入,场内卖出
2013-12-18,1.0733,1.0733,0.00%,场内买入,场内卖出
2013-12-19,1.0624,1.0624,-1.02%,场内买入,场内卖出
2013-12-20,1.0489,1.0489,-1.27%,场内买入,场内卖出
2013-12-23,1.0477,1.0477,-0.11%,场内买入,场内卖出
2013-12-24,1.0549,1.0549,0.69%,场内买入,场内卖出
2013-12-25,1.066,1.066,1.05%,场内买入,场内卖出
2013-12-26,1.0477,1.0477,-1.72%,场内买入,场内卖出
2013-12-27,1.0639,1.0639,1.55%,场内买入,场内卖出
2013-12-30,1.0672,1.0672,0.31%,场内买入,场内卖出
2013-12-31,1.0717,1.0717,0.42%,场内买入,场内卖出
2014-01-02,1.0769,1.0769,0.49%,场内买入,场内卖出
2014-01-03,1.0681,1.0681,-0.82%,场内买入,场内卖出
2014-01-06,1.0384,1.0384,-2.78%,场内买入,场内卖出
2014-01-07,1.0447,1.0447,0.61%,场内买入,场内卖出
2014-01-08,1.046,1.046,0.12%,场内买入,场内卖出
2014-01-09,1.0342,1.0342,-1.13%,场内买入,场内卖出
2014-01-10,1.0153,1.0153,-1.83%,场内买入,场内卖出
2014-01-13,1.0105,1.0105,-0.47%,场内买入,场内卖出
2014-01-14,1.0305,1.0305,1.98%,场内买入,场内卖出
2014-01-15,1.0374,1.0374,0.67%,场内买入,场内卖出
2014-01-16,1.039,1.039,0.15%,场内买入,场内卖出
2014-01-17,1.0271,1.0271,-1.15%,场内买入,场内卖出
2014-01-20,1.0193,1.0193,-0.76%,场内买入,场内卖出
2014-01-21,1.0349,1.0349,1.53%,场内买入,场内卖出
2014-01-22,1.0626,1.0626,2.68%,场内买入,场内卖出
2014-01-23,1.07,1.07,0.70%,场内买入,场内卖出
2014-01-24,1.0859,1.0859,1.49%,场内买入,场内卖出
2014-01-27,1.0857,1.0857,-0.02%,场内买入,场内卖出
2014-01-28,1.0833,1.0833,-0.22%,场内买入,场内卖出
2014-01-29,1.093,1.093,0.90%,场内买入,场内卖出
2014-01-30,1.0866,1.0866,-0.59%,场内买入,场内卖出
2014-02-07,1.1066,1.1066,1.84%,场内买入,场内卖出
2014-02-10,1.1392,1.1392,2.95%,场内买入,场内卖出
2014-02-11,1.1408,1.1408,0.14%,场内买入,场内卖出
2014-02-12,1.1534,1.1534,1.10%,场内买入,场内卖出
2014-02-13,1.1363,1.1363,-1.48%,场内买入,场内卖出
2014-02-14,1.1558,1.1558,1.72%,场内买入,场内卖出
2014-02-17,1.1777,1.1777,1.89%,场内买入,场内卖出
2014-02-18,1.1762,1.1762,-0.13%,场内买入,场内卖出
2014-02-19,1.1763,1.1763,0.01%,场内买入,场内卖出
2014-02-20,1.1597,1.1597,-1.41%,场内买入,场内卖出
2014-02-21,1.1521,1.1521,-0.66%,场内买入,场内卖出
2014-02-24,1.1475,1.1475,-0.40%,场内买入,场内卖出
2014-02-25,1.1071,1.1071,-3.52%,场内买入,场内卖出
2014-02-26,1.1144,1.1144,0.66%,场内买入,场内卖出
2014-02-27,1.0996,1.0996,-1.33%,场内买入,场内卖出
2014-02-28,1.1111,1.1111,1.05%,场内买入,场内卖出
2014-03-03,1.1342,1.1342,2.08%,场内买入,场内卖出
2014-03-04,1.1344,1.1344,0.02%,场内买入,场内卖出
2014-03-05,1.1285,1.1285,-0.52%,场内买入,场内卖出
2014-03-06,1.127,1.127,-0.13%,场内买入,场内卖出
2014-03-07,1.1213,1.1213,-0.51%,场内买入,场内卖出
2014-03-10,1.0787,1.0787,-3.80%,场内买入,场内卖出
2014-03-11,1.0798,1.0798,0.10%,场内买入,场内卖出
2014-03-12,1.0801,1.0801,0.03%,场内买入,场内卖出
2014-03-13,1.0917,1.0917,1.07%,场内买入,场内卖出
2014-03-14,1.0866,1.0866,-0.47%,场内买入,场内卖出
2014-03-17,1.1084,1.1084,2.01%,场内买入,场内卖出
2014-03-18,1.1144,1.1144,0.54%,场内买入,场内卖出
2014-03-19,1.112,1.112,-0.22%,场内买入,场内卖出
2014-03-20,1.0829,1.0829,-2.62%,场内买入,场内卖出
2014-03-21,1.1041,1.1041,1.96%,场内买入,场内卖出
2014-03-24,1.1134,1.1134,0.84%,场内买入,场内卖出
2014-03-25,1.1149,1.1149,0.13%,场内买入,场内卖出
2014-03-26,1.1178,1.1178,0.26%,场内买入,场内卖出
2014-03-27,1.1017,1.1017,-1.44%,场内买入,场内卖出
2014-03-28,1.0797,1.0797,-2.00%,场内买入,场内卖出
2014-03-31,1.0728,1.0728,-0.64%,场内买入,场内卖出
2014-04-01,1.0892,1.0892,1.53%,场内买入,场内卖出
2014-04-02,1.0899,1.0899,0.06%,场内买入,场内卖出
2014-04-03,1.0883,1.0883,-0.15%,场内买入,场内卖出
2014-04-04,1.1003,1.1003,1.10%,场内买入,场内卖出
2014-04-08,1.1119,1.1119,1.05%,场内买入,场内卖出
2014-04-09,1.1222,1.1222,0.93%,场内买入,场内卖出
2014-04-10,1.1279,1.1279,0.51%,场内买入,场内卖出
2014-04-11,1.1229,1.1229,-0.44%,场内买入,场内卖出
2014-04-14,1.1312,1.1312,0.74%,场内买入,场内卖出
2014-04-15,1.123,1.123,-0.72%,场内买入,场内卖出
2014-04-16,1.1224,1.1224,-0.05%,场内买入,场内卖出
2014-04-17,1.121,1.121,-0.12%,场内买入,场内卖出
2014-04-18,1.125,1.125,0.36%,场内买入,场内卖出
2014-04-21,1.1071,1.1071,-1.59%,场内买入,场内卖出
2014-04-22,1.102,1.102,-0.46%,场内买入,场内卖出
2014-04-23,1.097,1.097,-0.45%,场内买入,场内卖出
2014-04-24,1.0846,1.0846,-1.13%,场内买入,场内卖出
2014-04-25,1.061,1.061,-2.18%,场内买入,场内卖出
2014-04-28,1.0287,1.0287,-3.04%,场内买入,场内卖出
2014-04-29,1.0439,1.0439,1.48%,场内买入,场内卖出
2014-04-30,1.0516,1.0516,0.74%,场内买入,场内卖出
2014-05-05,1.0605,1.0605,0.85%,场内买入,场内卖出
2014-05-06,1.066,1.066,0.52%,场内买入,场内卖出
2014-05-07,1.0471,1.0471,-1.77%,场内买入,场内卖出
2014-05-08,1.0483,1.0483,0.11%,场内买入,场内卖出
2014-05-09,1.0378,1.0378,-1.00%,场内买入,场内卖出
2014-05-12,1.0647,1.0647,2.59%,场内买入,场内卖出
2014-05-13,1.0632,1.0632,-0.14%,场内买入,场内卖出
2014-05-14,1.0623,1.0623,-0.08%,场内买入,场内卖出
2014-05-15,1.0425,1.0425,-1.86%,场内买入,场内卖出
2014-05-16,1.0412,1.0412,-0.12%,场内买入,场内卖出
2014-05-19,1.0356,1.0356,-0.54%,场内买入,场内卖出
2014-05-20,1.0385,1.0385,0.28%,场内买入,场内卖出
2014-05-21,1.0476,1.0476,0.88%,场内买入,场内卖出
2014-05-22,1.0476,1.0476,0.00%,场内买入,场内卖出
2014-05-23,1.0593,1.0593,1.12%,场内买入,场内卖出
2014-05-26,1.0707,1.0707,1.08%,场内买入,场内卖出
2014-05-27,1.0682,1.0682,-0.23%,场内买入,场内卖出
2014-05-28,1.0804,1.0804,1.14%,场内买入,场内卖出
2014-05-29,1.0693,1.0693,-1.03%,场内买入,场内卖出
2014-05-30,1.0714,1.0714,0.20%,场内买入,场内卖出
2014-06-03,1.0695,1.0695,-0.18%,场内买入,场内卖出
2014-06-04,1.0602,1.0602,-0.87%,场内买入,场内卖出
2014-06-05,1.0723,1.0723,1.14%,场内买入,场内卖出
2014-06-06,1.0685,1.0685,-0.35%,场内买入,场内卖出
2014-06-09,1.0628,1.0628,-0.53%,场内买入,场内卖出
2014-06-10,1.0748,1.0748,1.13%,场内买入,场内卖出
2014-06-11,1.0799,1.0799,0.47%,场内买入,场内卖出
2014-06-12,1.078,1.078,-0.18%,场内买入,场内卖出
2014-06-13,1.0893,1.0893,1.05%,场内买入,场内卖出
2014-06-16,1.0959,1.0959,0.61%,场内买入,场内卖出
2014-06-17,1.0865,1.0865,-0.86%,场内买入,场内卖出
2014-06-18,1.081,1.081,-0.51%,场内买入,场内卖出
2014-06-19,1.0528,1.0528,-2.61%,场内买入,场内卖出
2014-06-20,1.0626,1.0626,0.93%,场内买入,场内卖出
2014-06-23,1.07,1.07,0.70%,场内买入,场内卖出
2014-06-24,1.077,1.077,0.65%,场内买入,场内卖出
2014-06-25,1.0702,1.0702,-0.63%,场内买入,场内卖出
2014-06-26,1.0837,1.0837,1.26%,场内买入,场内卖出
2014-06-27,1.0916,1.0916,0.73%,场内买入,场内卖出
2014-06-30,1.1017,1.1017,0.93%,场内买入,场内卖出
2014-07-01,1.1092,1.1092,0.68%,场内买入,场内卖出
2014-07-02,1.1171,1.1171,0.71%,场内买入,场内卖出
2014-07-03,1.1284,1.1284,1.01%,场内买入,场内卖出
2014-07-04,1.1246,1.1246,-0.34%,场内买入,场内卖出
2014-07-07,1.1274,1.1274,0.25%,场内买入,场内卖出
2014-07-08,1.1345,1.1345,0.63%,场内买入,场内卖出
2014-07-09,1.1189,1.1189,-1.38%,场内买入,场内卖出
2014-07-10,1.1189,1.1189,0.00%,场内买入,场内卖出
2014-07-11,1.1324,1.1324,1.21%,场内买入,场内卖出
2014-07-14,1.1495,1.1495,1.51%,场内买入,场内卖出
2014-07-15,1.1504,1.1504,0.08%,场内买入,场内卖出
2014-07-16,1.1417,1.1417,-0.76%,场内买入,场内卖出
2014-07-17,1.1331,1.1331,-0.75%,场内买入,场内卖出
2014-07-18,1.1363,1.1363,0.28%,场内买入,场内卖出
2014-07-21,1.1328,1.1328,-0.31%,场内买入,场内卖出
2014-07-22,1.1477,1.1477,1.32%,场内买入,场内卖出
2014-07-23,1.1403,1.1403,-0.64%,场内买入,场内卖出
2014-07-24,1.1396,1.1396,-0.06%,场内买入,场内卖出
2014-07-25,1.1495,1.1495,0.87%,场内买入,场内卖出
2014-07-28,1.1714,1.1714,1.91%,场内买入,场内卖出
2014-07-29,1.1826,1.1826,0.96%,场内买入,场内卖出
2014-07-30,1.1849,1.1849,0.19%,场内买入,场内卖出
2014-07-31,1.1967,1.1967,1.00%,场内买入,场内卖出
2014-08-01,1.1836,1.1836,-1.09%,场内买入,场内卖出
2014-08-04,1.2028,1.2028,1.62%,场内买入,场内卖出
2014-08-05,1.2087,1.2087,0.49%,场内买入,场内卖出
2014-08-06,1.2167,1.2167,0.66%,场内买入,场内卖出
2014-08-07,1.2048,1.2048,-0.98%,场内买入,场内卖出
2014-08-08,1.212,1.212,0.60%,场内买入,场内卖出
2014-08-11,1.2303,1.2303,1.51%,场内买入,场内卖出
2014-08-12,1.2366,1.2366,0.51%,场内买入,场内卖出
2014-08-13,1.2372,1.2372,0.05%,场内买入,场内卖出
2014-08-14,1.2292,1.2292,-0.65%,场内买入,场内卖出
2014-08-15,1.2433,1.2433,1.15%,场内买入,场内卖出
2014-08-18,1.2601,1.2601,1.35%,场内买入,场内卖出
2014-08-19,1.2639,1.2639,0.30%,场内买入,场内卖出
2014-08-20,1.264,1.264,0.01%,场内买入,场内卖出
2014-08-21,1.2637,1.2637,-0.02%,场内买入,场内卖出
2014-08-22,1.2711,1.2711,0.59%,场内买入,场内卖出
2014-08-25,1.2613,1.2613,-0.77%,场内买入,场内卖出
2014-08-26,1.2391,1.2391,-1.76%,场内买入,场内卖出
2014-08-27,1.2429,1.2429,0.31%,场内买入,场内卖出
2014-08-28,1.2317,1.2317,-0.90%,场内买入,场内卖出
2014-08-29,1.2447,1.2447,1.06%,场内买入,场内卖出
2014-09-01,1.2669,1.2669,1.78%,场内买入,场内卖出
2014-09-02,1.2861,1.2861,1.52%,场内买入,场内卖出
2014-09-03,1.2952,1.2952,0.71%,场内买入,场内卖出
2014-09-04,1.3062,1.3062,0.85%,场内买入,场内卖出
2014-09-05,1.3113,1.3113,0.39%,场内买入,场内卖出
2014-09-09,1.3211,1.3211,0.75%,场内买入,场内卖出
2014-09-10,1.3234,1.3234,0.17%,场内买入,场内卖出
2014-09-11,1.322,1.322,-0.11%,场内买入,场内卖出
2014-09-12,1.3365,1.3365,1.10%,场内买入,场内卖出
2014-09-15,1.3506,1.3506,1.06%,场内买入,场内卖出
2014-09-16,1.305,1.305,-3.38%,场内买入,场内卖出
2014-09-17,1.3165,1.3165,0.88%,场内买入,场内卖出
2014-09-18,1.3257,1.3257,0.70%,场内买入,场内卖出
2014-09-19,1.3368,1.3368,0.84%,场内买入,场内卖出
2014-09-22,1.3187,1.3187,-1.35%,场内买入,场内卖出
2014-09-23,1.3355,1.3355,1.27%,场内买入,场内卖出
2014-09-24,1.3527,1.3527,1.29%,场内买入,场内卖出
2014-09-25,1.3528,1.3528,0.01%,场内买入,场内卖出
2014-09-26,1.3576,1.3576,0.35%,场内买入,场内卖出
2014-09-29,1.371,1.371,0.99%,场内买入,场内卖出
2014-09-30,1.3819,1.3819,0.80%,场内买入,场内卖出
2014-10-08,1.4036,1.4036,1.57%,场内买入,场内卖出
2014-10-09,1.4065,1.4065,0.21%,场内买入,场内卖出
2014-10-10,1.4003,1.4003,-0.44%,场内买入,场内卖出
2014-10-13,1.4004,1.4004,0.01%,场内买入,场内卖出
2014-10-14,1.3958,1.3958,-0.33%,场内买入,场内卖出
2014-10-15,1.4018,1.4018,0.43%,场内买入,场内卖出
2014-10-16,1.3789,1.3789,-1.63%,场内买入,场内卖出
2014-10-17,1.3661,1.3661,-0.93%,场内买入,场内卖出
2014-10-20,1.3852,1.3852,1.40%,场内买入,场内卖出
2014-10-21,1.3725,1.3725,-0.92%,场内买入,场内卖出
2014-10-22,1.3561,1.3561,-1.19%,场内买入,场内卖出
2014-10-23,1.3363,1.3363,-1.46%,场内买入,场内卖出
2014-10-24,1.3417,1.3417,0.40%,场内买入,场内卖出
2014-10-27,1.3515,1.3515,0.73%,场内买入,场内卖出
2014-10-28,1.3839,1.3839,2.40%,场内买入,场内卖出
2014-10-29,1.4027,1.4027,1.36%,场内买入,场内卖出
2014-10-30,1.4029,1.4029,0.01%,场内买入,场内卖出
2014-10-31,1.4011,1.4011,-0.13%,场内买入,场内卖出
2014-11-03,1.4129,1.4129,0.84%,场内买入,场内卖出
2014-11-04,1.4058,1.4058,-0.50%,场内买入,场内卖出
2014-11-05,1.4035,1.4035,-0.16%,场内买入,场内卖出
2014-11-06,1.4117,1.4117,0.58%,场内买入,场内卖出
2014-11-07,1.3983,1.3983,-0.95%,场内买入,场内卖出
2014-11-10,1.4132,1.4132,1.07%,场内买入,场内卖出
2014-11-11,1.3712,1.3712,-2.97%,场内买入,场内卖出
2014-11-12,1.3947,1.3947,1.71%,场内买入,场内卖出
2014-11-13,1.3824,1.3824,-0.88%,场内买入,场内卖出
2014-11-14,1.379,1.379,-0.25%,场内买入,场内卖出
2014-11-17,1.3926,1.3926,0.99%,场内买入,场内卖出
2014-11-18,1.3952,1.3952,0.19%,场内买入,场内卖出
2014-11-19,1.4001,1.4001,0.35%,场内买入,场内卖出
2014-11-20,1.3971,1.3971,-0.21%,场内买入,场内卖出
2014-11-21,1.4126,1.4126,1.11%,场内买入,场内卖出
2014-11-24,1.4357,1.4357,1.64%,场内买入,场内卖出
2014-11-25,1.4573,1.4573,1.50%,场内买入,场内卖出
2014-11-26,1.4644,1.4644,0.49%,场内买入,场内卖出
2014-11-27,1.4749,1.4749,0.72%,场内买入,场内卖出
2014-11-28,1.4732,1.4732,-0.12%,场内买入,场内卖出
2014-12-01,1.4627,1.4627,-0.71%,场内买入,场内卖出
2014-12-02,1.4822,1.4822,1.33%,场内买入,场内卖出
2014-12-03,1.4994,1.4994,1.16%,场内买入,场内卖出
2014-12-04,1.5311,1.5311,2.11%,场内买入,场内卖出
2014-12-05,1.4979,1.4979,-2.17%,场内买入,场内卖出
2014-12-08,1.5198,1.5198,1.46%,场内买入,场内卖出
2014-12-09,1.4586,1.4586,-4.03%,场内买入,场内卖出
2014-12-10,1.5088,1.5088,3.44%,场内买入,场内卖出
2014-12-11,1.531,1.531,1.47%,场内买入,场内卖出
2014-12-12,1.5415,1.5415,0.69%,场内买入,场内卖出
2014-12-15,1.5656,1.5656,1.56%,场内买入,场内卖出
2014-12-16,1.5716,1.5716,0.38%,场内买入,场内卖出
2014-12-17,1.5574,1.5574,-0.90%,场内买入,场内卖出
2014-12-18,1.5574,1.5574,0.00%,场内买入,场内卖出
2014-12-19,1.5482,1.5482,-0.59%,场内买入,场内卖出
2014-12-22,1.4872,1.4872,-3.94%,场内买入,场内卖出
2014-12-23,1.4561,1.4561,-2.09%,场内买入,场内卖出
2014-12-24,1.4752,1.4752,1.31%,场内买入,场内卖出
2014-12-25,1.5037,1.5037,1.93%,场内买入,场内卖出
2014-12-26,1.5199,1.5199,1.08%,场内买入,场内卖出
2014-12-29,1.5045,1.5045,-1.01%,场内买入,场内卖出
2014-12-30,1.4786,1.4786,-1.72%,场内买入,场内卖出
2014-12-31,1.4918,1.4918,0.89%,场内买入,场内卖出
2015-01-05,1.518,1.518,1.76%,场内买入,场内卖出
2015-01-06,1.5354,1.5354,1.15%,场内买入,场内卖出
2015-01-07,1.5377,1.5377,0.15%,场内买入,场内卖出
2015-01-08,1.5254,1.5254,-0.80%,场内买入,场内卖出
2015-01-09,1.5157,1.5157,-0.64%,场内买入,场内卖出
2015-01-12,1.4943,1.4943,-1.41%,场内买入,场内卖出
2015-01-13,1.5144,1.5144,1.35%,场内买入,场内卖出
2015-01-14,1.5074,1.5074,-0.46%,场内买入,场内卖出
2015-01-15,1.5266,1.5266,1.27%,场内买入,场内卖出
2015-01-16,1.5466,1.5466,1.31%,场内买入,场内卖出
2015-01-19,1.4808,1.4808,-4.25%,场内买入,场内卖出
2015-01-20,1.534,1.534,3.59%,场内买入,场内卖出
2015-01-21,1.573,1.573,2.54%,场内买入,场内卖出
2015-01-22,1.5952,1.5952,1.41%,场内买入,场内卖出
2015-01-23,1.5799,1.5799,-0.96%,场内买入,场内卖出
2015-01-26,1.6154,1.6154,2.25%,场内买入,场内卖出
2015-01-27,1.6202,1.6202,0.30%,场内买入,场内卖出
2015-01-28,1.6114,1.6114,-0.54%,场内买入,场内卖出
2015-01-29,1.6005,1.6005,-0.68%,场内买入,场内卖出
2015-01-30,1.5812,1.5812,-1.21%,场内买入,场内卖出
2015-02-02,1.5746,1.5746,-0.42%,场内买入,场内卖出
2015-02-03,1.602,1.602,1.74%,场内买入,场内卖出
2015-02-04,1.5952,1.5952,-0.42%,场内买入,场内卖出
2015-02-05,1.5869,1.5869,-0.52%,场内买入,场内卖出
2015-02-06,1.5534,1.5534,-2.11%,场内买入,场内卖出
2015-02-09,1.545,1.545,-0.54%,场内买入,场内卖出
2015-02-10,1.5661,1.5661,1.37%,场内买入,场内卖出
2015-02-11,1.5832,1.5832,1.09%,场内买入,场内卖出
2015-02-12,1.5943,1.5943,0.70%,场内买入,场内卖出
2015-02-13,1.6189,1.6189,1.54%,场内买入,场内卖出
2015-02-16,1.6469,1.6469,1.73%,场内买入,场内卖出
2015-02-17,1.6584,1.6584,0.70%,场内买入,场内卖出
2015-02-25,1.6569,1.6569,-0.09%,场内买入,场内卖出
2015-02-26,1.6745,1.6745,1.06%,场内买入,场内卖出
2015-02-27,1.6882,1.6882,0.82%,场内买入,场内卖出
2015-03-02,1.722,1.722,2.00%,场内买入,场内卖出
2015-03-03,1.7161,1.7161,-0.34%,场内买入,场内卖出
2015-03-04,1.7417,1.7417,1.49%,场内买入,场内卖出
2015-03-05,1.7413,1.7413,-0.02%,场内买入,场内卖出
2015-03-06,1.7201,1.7201,-1.22%,场内买入,场内卖出
2015-03-09,1.7422,1.7422,1.28%,场内买入,场内卖出
2015-03-10,1.7601,1.7601,1.03%,场内买入,场内卖出
2015-03-11,1.7563,1.7563,-0.22%,场内买入,场内卖出
2015-03-12,1.7555,1.7555,-0.05%,场内买入,场内卖出
2015-03-13,1.775,1.775,1.11%,场内买入,场内卖出
2015-03-16,1.8272,1.8272,2.94%,场内买入,场内卖出
2015-03-17,1.8555,1.8555,1.55%,场内买入,场内卖出
2015-03-18,1.8863,1.8863,1.66%,场内买入,场内卖出
2015-03-19,1.9016,1.9016,0.81%,场内买入,场内卖出
2015-03-20,1.9209,1.9209,1.01%,场内买入,场内卖出
2015-03-23,1.9674,1.9674,2.42%,场内买入,场内卖出
2015-03-24,1.9755,1.9755,0.41%,场内买入,场内卖出
2015-03-25,1.9976,1.9976,1.12%,场内买入,场内卖出
2015-03-26,1.9835,1.9835,-0.71%,场内买入,场内卖出
2015-03-27,2.0063,2.0063,1.15%,场内买入,场内卖出
2015-03-30,2.0313,2.0313,1.25%,场内买入,场内卖出
2015-03-31,2.0334,2.0334,0.10%,场内买入,场内卖出
2015-04-01,2.0819,2.0819,2.39%,场内买入,场内卖出
2015-04-02,2.1198,2.1198,1.82%,场内买入,场内卖出
2015-04-03,2.153,2.153,1.57%,场内买入,场内卖出
2015-04-07,2.2047,2.2047,2.40%,场内买入,场内卖出
2015-04-08,2.189,2.189,-0.71%,场内买入,场内卖出
2015-04-09,2.1716,2.1716,-0.79%,场内买入,场内卖出
2015-04-10,2.2293,2.2293,2.66%,场内买入,场内卖出
2015-04-13,2.277,2.277,2.14%,暂停申购,暂停赎回
2015-04-14,8.1198,2.2762,-0.04%,暂停申购,暂停赎回
2015-04-15,7.803,2.1874,-3.90%,场内买入,场内卖出
2015-04-16,7.913,2.2182,1.41%,场内买入,场内卖出
2015-04-17,7.9833,2.2379,0.89%,场内买入,场内卖出
2015-04-20,7.8435,2.1987,-1.75%,场内买入,场内卖出
2015-04-21,8.1262,2.278,3.60%,场内买入,场内卖出
2015-04-22,8.3384,2.3375,2.61%,场内买入,场内卖出
2015-04-23,8.4288,2.3628,1.08%,场内买入,场内卖出
2015-04-24,8.4437,2.367,0.18%,场内买入,场内卖出
2015-04-27,8.5392,2.3937,1.13%,场内买入,场内卖出
2015-04-28,8.2978,2.3261,-2.83%,场内买入,场内卖出
2015-04-29,8.4659,2.3732,2.03%,场内买入,场内卖出
2015-04-30,8.5157,2.3872,0.59%,场内买入,场内卖出
2015-05-04,8.5499,2.3967,0.40%,场内买入,场内卖出
2015-05-05,8.2427,2.3106,-3.59%,场内买入,场内卖出
2015-05-06,8.1276,2.2784,-1.40%,场内买入,场内卖出
2015-05-07,7.9494,2.2284,-2.19%,场内买入,场内卖出
2015-05-08,8.2476,2.312,3.75%,场内买入,场内卖出
2015-05-11,8.6051,2.4122,4.33%,场内买入,场内卖出
2015-05-12,8.7922,2.4647,2.17%,场内买入,场内卖出
2015-05-13,8.8712,2.4868,0.90%,场内买入,场内卖出
2015-05-14,8.8607,2.4839,-0.12%,场内买入,场内卖出
2015-05-15,8.7917,2.4645,-0.78%,场内买入,场内卖出
2015-05-18,8.9523,2.5096,1.83%,场内买入,场内卖出
2015-05-19,9.1746,2.5719,2.48%,场内买入,场内卖出
2015-05-20,9.3278,2.6148,1.67%,场内买入,场内卖出
2015-05-21,9.6723,2.7114,3.69%,场内买入,场内卖出
2015-05-22,9.832,2.7562,1.65%,场内买入,场内卖出
2015-05-25,10.0939,2.8296,2.66%,场内买入,场内卖出
2015-05-26,10.4294,2.9236,3.32%,场内买入,场内卖出
2015-05-27,10.553,2.9583,1.19%,场内买入,场内卖出
2015-05-28,9.9197,2.7807,-6.00%,场内买入,场内卖出
2015-05-29,10.0214,2.8092,1.03%,场内买入,场内卖出
2015-06-01,10.5448,2.956,5.22%,场内买入,场内卖出
2015-06-02,10.949,3.0693,3.83%,场内买入,场内卖出
2015-06-03,11.0435,3.0958,0.86%,场内买入,场内卖出
2015-06-04,11.04,3.0948,-0.03%,场内买入,场内卖出
2015-06-05,11.2211,3.1456,1.64%,场内买入,场内卖出
2015-06-08,11.107,3.1136,-1.02%,场内买入,场内卖出
2015-06-09,11.09,3.1088,-0.15%,场内买入,场内卖出
2015-06-10,11.2967,3.1667,1.86%,场内买入,场内卖出
2015-06-11,11.4519,3.2103,1.37%,场内买入,场内卖出
2015-06-12,11.6401,3.263,1.64%,场内买入,场内卖出
2015-06-15,11.4214,3.2017,-1.88%,场内买入,场内卖出
2015-06-16,10.9665,3.0742,-3.98%,场内买入,场内卖出
2015-06-17,11.1923,3.1375,2.06%,场内买入,场内卖出
2015-06-18,10.8258,3.0347,-3.27%,场内买入,场内卖出
2015-06-19,10.0809,2.8259,-6.88%,场内买入,场内卖出
2015-06-23,10.1334,2.8406,0.52%,场内买入,场内卖出
2015-06-24,10.3549,2.9027,2.19%,场内买入,场内卖出
2015-06-25,9.9873,2.7997,-3.55%,场内买入,场内卖出
2015-06-26,9.1415,2.5626,-8.47%,场内买入,场内卖出
2015-06-29,8.5256,2.3899,-6.74%,场内买入,场内卖出
2015-06-30,8.9441,2.5073,4.91%,场内买入,场内卖出
2015-07-01,8.447,2.3679,-5.56%,场内买入,场内卖出
2015-07-02,7.8715,2.2066,-6.81%,场内买入,场内卖出
2015-07-03,7.3907,2.0718,-6.11%,场内买入,场内卖出
2015-07-06,7.2853,2.0423,-1.43%,场内买入,场内卖出
2015-07-07,6.8019,1.9067,-6.64%,场内买入,场内卖出
2015-07-08,6.6381,1.8608,-2.41%,场内买入,场内卖出
2015-07-09,6.9377,1.9448,4.51%,场内买入,场内卖出
2015-07-10,7.2888,2.0432,5.06%,场内买入,场内卖出
2015-07-13,7.7429,2.1705,6.23%,场内买入,场内卖出
2015-07-14,7.9015,2.215,2.05%,场内买入,场内卖出
2015-07-15,7.4478,2.0878,-5.74%,场内买入,场内卖出
2015-07-16,7.6261,2.1378,2.39%,场内买入,场内卖出
2015-07-17,8.0467,2.2557,5.52%,场内买入,场内卖出
2015-07-20,8.1706,2.2904,1.54%,场内买入,场内卖出
2015-07-21,8.2787,2.3207,1.32%,场内买入,场内卖出
2015-07-22,8.3836,2.3501,1.27%,场内买入,场内卖出
2015-07-23,8.6411,2.4223,3.07%,场内买入,场内卖出
2015-07-24,8.5088,2.3852,-1.53%,场内买入,场内卖出
2015-07-27,7.8685,2.2057,-7.53%,场内买入,场内卖出
2015-07-28,7.7169,2.1632,-1.93%,场内买入,场内卖出
2015-07-29,8.0904,2.2679,4.84%,场内买入,场内卖出
2015-07-30,7.8685,2.2057,-2.74%,场内买入,场内卖出
2015-07-31,7.7991,2.1863,-0.88%,场内买入,场内卖出
2015-08-03,7.6093,2.1331,-2.43%,场内买入,场内卖出
2015-08-04,8.0205,2.2483,5.40%,场内买入,场内卖出
2015-08-05,7.9173,2.2194,-1.29%,场内买入,场内卖出
2015-08-06,7.8706,2.2063,-0.59%,场内买入,场内卖出
2015-08-07,8.0962,2.2696,2.87%,场内买入,场内卖出
2015-08-10,8.4854,2.3787,4.81%,场内买入,场内卖出
2015-08-11,8.5239,2.3895,0.45%,场内买入,场内卖出
2015-08-12,8.4258,2.362,-1.15%,场内买入,场内卖出
2015-08-13,8.6277,2.4186,2.40%,场内买入,场内卖出
2015-08-14,8.7212,2.4448,1.08%,场内买入,场内卖出
2015-08-17,8.918,2.4999,2.26%,场内买入,场内卖出
2015-08-18,8.2516,2.3131,-7.47%,场内买入,场内卖出
2015-08-19,8.4378,2.3653,2.26%,场内买入,场内卖出
2015-08-20,8.1521,2.2852,-3.39%,场内买入,场内卖出
2015-08-21,7.7156,2.1629,-5.35%,场内买入,场内卖出
2015-08-24,7.0954,1.989,-8.04%,场内买入,场内卖出
2015-08-25,6.5581,1.8384,-7.57%,场内买入,场内卖出
2015-08-26,6.3109,1.7691,-3.77%,场内买入,场内卖出
2015-08-27,6.534,1.8316,3.54%,场内买入,场内卖出
2015-08-28,6.9306,1.9428,6.07%,场内买入,场内卖出
2015-08-31,6.661,1.8672,-3.89%,场内买入,场内卖出
2015-09-01,6.2357,1.748,-6.38%,场内买入,场内卖出
2015-09-02,6.1875,1.7345,-0.77%,场内买入,场内卖出
2015-09-07,6.2293,1.7462,0.68%,场内买入,场内卖出
2015-09-08,6.4809,1.8168,4.04%,场内买入,场内卖出
2015-09-09,6.6646,1.8683,2.83%,场内买入,场内卖出
2015-09-10,6.5565,1.8379,-1.62%,场内买入,场内卖出
2015-09-11,6.6138,1.854,0.87%,场内买入,场内卖出
2015-09-14,6.1674,1.7289,-6.75%,场内买入,场内卖出
2015-09-15,5.8256,1.6331,-5.54%,场内买入,场内卖出
2015-09-16,6.2173,1.7429,6.72%,场内买入,场内卖出
2015-09-17,6.1025,1.7107,-1.85%,场内买入,场内卖出
2015-09-18,6.1812,1.7327,1.29%,场内买入,场内卖出
2015-09-21,6.4027,1.7948,3.58%,场内买入,场内卖出
2015-09-22,6.451,1.8084,0.75%,场内买入,场内卖出
2015-09-23,6.3779,1.7879,-1.13%,场内买入,场内卖出
2015-09-24,6.4708,1.8139,1.46%,场内买入,场内卖出
2015-09-25,6.2593,1.7546,-3.27%,场内买入,场内卖出
2015-09-28,6.3733,1.7866,1.82%,场内买入,场内卖出
2015-09-29,6.2546,1.7533,-1.86%,场内买入,场内卖出
2015-09-30,6.2751,1.7591,0.33%,场内买入,场内卖出
2015-10-08,6.5296,1.8304,4.06%,场内买入,场内卖出
2015-10-09,6.6292,1.8583,1.53%,场内买入,场内卖出
2015-10-12,6.8871,1.9306,3.89%,场内买入,场内卖出
2015-10-13,6.9753,1.9553,1.28%,场内买入,场内卖出
2015-10-14,6.8981,1.9337,-1.11%,场内买入,场内卖出
2015-10-15,7.1108,1.9933,3.08%,场内买入,场内卖出
2015-10-16,7.2325,2.0274,1.71%,场内买入,场内卖出
2015-10-19,7.2326,2.0275,0.00%,场内买入,场内卖出
2015-10-20,7.3537,2.0614,1.67%,场内买入,场内卖出
2015-10-21,6.8983,1.9338,-6.19%,场内买入,场内卖出
2015-10-22,7.1631,2.008,3.84%,场内买入,场内卖出
2015-10-23,7.3424,2.0583,2.50%,场内买入,场内卖出
2015-10-26,7.3977,2.0738,0.75%,场内买入,场内卖出
2015-10-27,7.447,2.0876,0.67%,场内买入,场内卖出
2015-10-28,7.2638,2.0362,-2.46%,场内买入,场内卖出
2015-10-29,7.3277,2.0541,0.88%,场内买入,场内卖出
2015-10-30,7.3045,2.0476,-0.32%,场内买入,场内卖出
2015-11-02,7.1552,2.0058,-2.04%,场内买入,场内卖出
2015-11-03,7.1405,2.0017,-0.21%,场内买入,场内卖出
2015-11-04,7.4995,2.1023,5.03%,场内买入,场内卖出
2015-11-05,7.5071,2.1044,0.10%,场内买入,场内卖出
2015-11-06,7.6813,2.1533,2.32%,场内买入,场内卖出
2015-11-09,7.7807,2.1811,1.29%,场内买入,场内卖出
2015-11-10,7.8106,2.1895,0.38%,场内买入,场内卖出
2015-11-11,7.9238,2.2212,1.45%,场内买入,场内卖出
2015-11-12,7.9205,2.2203,-0.04%,场内买入,场内卖出
2015-11-13,7.8038,2.1876,-1.47%,场内买入,场内卖出
2015-11-16,7.9581,2.2309,1.98%,场内买入,场内卖出
2015-11-17,7.8854,2.2105,-0.91%,场内买入,场内卖出
2015-11-18,7.7566,2.1744,-1.63%,场内买入,场内卖出
2015-11-19,7.9544,2.2298,2.55%,场内买入,场内卖出
2015-11-20,8.0445,2.2551,1.13%,场内买入,场内卖出
2015-11-23,7.98,2.237,-0.80%,场内买入,场内卖出
2015-11-24,8.0358,2.2526,0.70%,场内买入,场内卖出
2015-11-25,8.1627,2.2882,1.58%,场内买入,场内卖出
2015-11-26,8.1118,2.2739,-0.62%,场内买入,场内卖出
2015-11-27,7.5975,2.1298,-6.34%,场内买入,场内卖出
2015-11-30,7.6311,2.1392,0.44%,场内买入,场内卖出
2015-12-01,7.6675,2.1494,0.48%,场内买入,场内卖出
2015-12-02,7.6295,2.1387,-0.50%,场内买入,场内卖出
2015-12-03,7.7981,2.186,2.21%,场内买入,场内卖出
2015-12-04,7.7392,2.1695,-0.76%,场内买入,场内卖出
2015-12-07,7.8283,2.1945,1.15%,场内买入,场内卖出
2015-12-08,7.6252,2.1375,-2.59%,场内买入,场内卖出
2015-12-09,7.5955,2.1292,-0.39%,场内买入,场内卖出
2015-12-10,7.5733,2.123,-0.29%,场内买入,场内卖出
2015-12-11,7.5153,2.1067,-0.77%,场内买入,场内卖出
2015-12-14,7.6699,2.1501,2.06%,场内买入,场内卖出
2015-12-15,7.7301,2.1669,0.78%,场内买入,场内卖出
2015-12-16,7.7619,2.1759,0.41%,场内买入,场内卖出
2015-12-17,7.954,2.2297,2.47%,场内买入,场内卖出
2015-12-18,7.9361,2.2247,-0.23%,场内买入,场内卖出
2015-12-21,8.0276,2.2503,1.15%,场内买入,场内卖出
2015-12-22,8.0976,2.27,0.87%,场内买入,场内卖出
2015-12-23,8.0119,2.2459,-1.06%,场内买入,场内卖出
2015-12-24,7.9908,2.24,-0.26%,场内买入,场内卖出
2015-12-25,8.0314,2.2514,0.51%,场内买入,场内卖出
2015-12-28,7.8377,2.1971,-2.41%,场内买入,场内卖出
2015-12-29,7.9114,2.2178,0.94%,场内买入,场内卖出
2015-12-30,7.9797,2.2369,0.86%,场内买入,场内卖出
2015-12-31,7.8528,2.2013,-1.59%,场内买入,场内卖出
2016-01-04,7.2007,2.0185,-8.30%,场内买入,场内卖出
2016-01-05,7.1011,1.9906,-1.38%,场内买入,场内卖出
2016-01-06,7.2825,2.0415,2.55%,场内买入,场内卖出
2016-01-07,6.664,1.8681,-8.49%,场内买入,场内卖出
2016-01-08,6.7728,1.8986,1.63%,场内买入,场内卖出
2016-01-11,6.3173,1.7709,-6.73%,场内买入,场内卖出
2016-01-12,6.3255,1.7732,0.13%,场内买入,场内卖出
2016-01-13,6.1064,1.7118,-3.46%,场内买入,场内卖出
2016-01-14,6.3132,1.7697,3.39%,场内买入,场内卖出
2016-01-15,6.0747,1.7029,-3.78%,场内买入,场内卖出
2016-01-18,6.1636,1.7278,1.46%,场内买入,场内卖出
2016-01-19,6.3883,1.7908,3.65%,场内买入,场内卖出
2016-01-20,6.3273,1.7737,-0.95%,场内买入,场内卖出
2016-01-21,6.0753,1.7031,-3.98%,场内买入,场内卖出
2016-01-22,6.1749,1.731,1.64%,场内买入,场内卖出
2016-01-25,6.24,1.7492,1.05%,场内买入,场内卖出
2016-01-26,5.7791,1.62,-7.39%,场内买入,场内卖出
2016-01-27,5.7018,1.5984,-1.34%,场内买入,场内卖出
2016-01-28,5.4571,1.5298,-4.29%,场内买入,场内卖出
2016-01-29,5.6609,1.5869,3.73%,场内买入,场内卖出
2016-02-01,5.5883,1.5665,-1.28%,场内买入,场内卖出
2016-02-02,5.7827,1.621,3.48%,场内买入,场内卖出
2016-02-03,5.8069,1.6278,0.42%,场内买入,场内卖出
2016-02-04,5.9227,1.6603,1.99%,场内买入,场内卖出
2016-02-05,5.8636,1.6437,-1.00%,场内买入,场内卖出
2016-02-15,5.8672,1.6447,0.06%,场内买入,场内卖出
2016-02-16,6.1095,1.7126,4.13%,场内买入,场内卖出
2016-02-17,6.1804,1.7325,1.16%,场内买入,场内卖出
2016-02-18,6.1658,1.7284,-0.24%,场内买入,场内卖出
2016-02-19,6.1889,1.7349,0.37%,场内买入,场内卖出
2016-02-22,6.3173,1.7709,2.07%,场内买入,场内卖出
2016-02-23,6.2827,1.7612,-0.55%,场内买入,场内卖出
2016-02-24,6.3243,1.7729,0.66%,场内买入,场内卖出
2016-02-25,5.8225,1.6322,-7.93%,场内买入,场内卖出
2016-02-26,5.8464,1.6389,0.41%,场内买入,场内卖出
2016-02-29,5.5381,1.5525,-5.27%,场内买入,场内卖出
2016-03-01,5.6663,1.5884,2.31%,场内买入,场内卖出
2016-03-02,5.9563,1.6697,5.12%,场内买入,场内卖出
2016-03-03,5.9813,1.6767,0.42%,场内买入,场内卖出
2016-03-04,5.8202,1.6315,-2.69%,场内买入,场内卖出
2016-03-07,5.9556,1.6695,2.33%,场内买入,场内卖出
2016-03-08,5.9676,1.6729,0.20%,场内买入,场内卖出
2016-03-09,5.8151,1.6301,-2.56%,场内买入,场内卖出
2016-03-10,5.7223,1.6041,-1.60%,场内买入,场内卖出
2016-03-11,5.714,1.6018,-0.15%,场内买入,场内卖出
2016-03-14,5.9061,1.6556,3.36%,场内买入,场内卖出
2016-03-15,5.8569,1.6418,-0.83%,场内买入,场内卖出
2016-03-16,5.7778,1.6197,-1.35%,场内买入,场内卖出
2016-03-17,5.9683,1.6731,3.30%,场内买入,场内卖出
2016-03-18,6.1795,1.7323,3.54%,场内买入,场内卖出
2016-03-21,6.3349,1.7758,2.51%,场内买入,场内卖出
2016-03-22,6.3098,1.7688,-0.40%,场内买入,场内卖出
2016-03-23,6.3549,1.7814,0.71%,场内买入,场内卖出
2016-03-24,6.2511,1.7523,-1.63%,场内买入,场内卖出
2016-03-25,6.3109,1.7691,0.96%,场内买入,场内卖出
2016-03-28,6.2703,1.7577,-0.64%,场内买入,场内卖出
2016-03-29,6.1497,1.7239,-1.92%,场内买入,场内卖出
2016-03-30,6.3738,1.7867,3.64%,场内买入,场内卖出
2016-03-31,6.3933,1.7922,0.31%,场内买入,场内卖出
2016-04-01,6.3604,1.783,-0.51%,场内买入,场内卖出
2016-04-05,6.5295,1.8304,2.66%,场内买入,场内卖出
2016-04-06,6.5673,1.841,0.58%,场内买入,场内卖出
2016-04-07,6.4706,1.8139,-1.47%,场内买入,场内卖出
2016-04-08,6.4072,1.7961,-0.98%,场内买入,场内卖出
2016-04-11,6.5491,1.8359,2.21%,场内买入,场内卖出
2016-04-12,6.4956,1.8209,-0.82%,场内买入,场内卖出
2016-04-13,6.5927,1.8481,1.49%,场内买入,场内卖出
2016-04-14,6.6517,1.8646,0.89%,场内买入,场内卖出
2016-04-15,6.6319,1.8591,-0.30%,场内买入,场内卖出
2016-04-18,6.5242,1.8289,-1.62%,场内买入,场内卖出
2016-04-19,6.5499,1.8361,0.39%,场内买入,场内卖出
2016-04-20,6.2517,1.7525,-4.55%,场内买入,场内卖出
2016-04-21,6.2018,1.7385,-0.80%,场内买入,场内卖出
2016-04-22,6.2414,1.7496,0.64%,场内买入,场内卖出
2016-04-25,6.2086,1.7404,-0.53%,场内买入,场内卖出
2016-04-26,6.2793,1.7602,1.14%,场内买入,场内卖出
2016-04-27,6.2494,1.7519,-0.48%,场内买入,场内卖出
2016-04-28,6.2217,1.7441,-0.44%,场内买入,场内卖出
2016-04-29,6.2186,1.7432,-0.05%,场内买入,场内卖出
2016-05-03,6.407,1.796,3.03%,场内买入,场内卖出
2016-05-04,6.4112,1.7972,0.07%,场内买入,场内卖出
2016-05-05,6.4464,1.8071,0.55%,场内买入,场内卖出
2016-05-06,6.1993,1.7378,-3.83%,场内买入,场内卖出
2016-05-09,5.9712,1.6739,-3.68%,场内买入,场内卖出
2016-05-10,5.9665,1.6726,-0.08%,场内买入,场内卖出
2016-05-11,5.9519,1.6685,-0.24%,场内买入,场内卖出
2016-05-12,5.9544,1.6692,0.04%,场内买入,场内卖出
2016-05-13,5.9422,1.6657,-0.20%,场内买入,场内卖出
2016-05-16,6.0445,1.6944,1.72%,场内买入,场内卖出
2016-05-17,6.0254,1.6891,-0.32%,场内买入,场内卖出
2016-05-18,5.8585,1.6423,-2.77%,场内买入,场内卖出
2016-05-19,5.8975,1.6532,0.67%,场内买入,场内卖出
2016-05-20,5.9674,1.6728,1.19%,场内买入,场内卖出
2016-05-23,6.0477,1.6953,1.35%,场内买入,场内卖出
2016-05-24,5.9795,1.6762,-1.13%,场内买入,场内卖出
2016-05-25,5.9513,1.6683,-0.47%,场内买入,场内卖出
2016-05-26,5.9809,1.6766,0.50%,场内买入,场内卖出
2016-05-27,5.9792,1.6761,-0.03%,场内买入,场内卖出
2016-05-30,5.9517,1.6684,-0.46%,场内买入,场内卖出
2016-05-31,6.1996,1.7379,4.17%,场内买入,场内卖出
2016-06-01,6.2279,1.7458,0.46%,场内买入,场内卖出
2016-06-02,6.2684,1.7572,0.65%,场内买入,场内卖出
2016-06-03,6.2922,1.7639,0.38%,场内买入,场内卖出
2016-06-06,6.3098,1.7688,0.28%,场内买入,场内卖出
2016-06-07,6.3048,1.7674,-0.08%,场内买入,场内卖出
2016-06-08,6.2885,1.7628,-0.26%,场内买入,场内卖出
2016-06-13,6.004,1.6831,-4.52%,场内买入,场内卖出
2016-06-14,6.0155,1.6863,0.19%,场内买入,场内卖出
2016-06-15,6.2161,1.7425,3.33%,场内买入,场内卖出
2016-06-16,6.1929,1.736,-0.37%,场内买入,场内卖出
2016-06-17,6.229,1.7461,0.58%,场内买入,场内卖出
2016-06-20,6.2528,1.7528,0.38%,场内买入,场内卖出
2016-06-21,6.1821,1.733,-1.13%,场内买入,场内卖出
2016-06-22,6.2774,1.7597,1.54%,场内买入,场内卖出
2016-06-23,6.247,1.7512,-0.48%,场内买入,场内卖出
2016-06-24,6.1684,1.7292,-1.26%,场内买入,场内卖出
2016-06-27,6.3166,1.7707,2.40%,场内买入,场内卖出
2016-06-28,6.3838,1.7895,1.06%,场内买入,场内卖出
2016-06-29,6.3988,1.7937,0.24%,场内买入,场内卖出
2016-06-30,6.403,1.7949,0.07%,场内买入,场内卖出
2016-07-01,6.3915,1.7917,-0.18%,场内买入,场内卖出
2016-07-04,6.5183,1.8272,1.98%,场内买入,场内卖出
2016-07-05,6.557,1.8381,0.59%,场内买入,场内卖出
2016-07-06,6.5859,1.8462,0.44%,场内买入,场内卖出
2016-07-07,6.6112,1.8533,0.38%,场内买入,场内卖出
2016-07-08,6.5937,1.8484,-0.26%,场内买入,场内卖出
2016-07-11,6.6069,1.8521,0.20%,场内买入,场内卖出
2016-07-12,6.6918,1.8759,1.29%,场内买入,场内卖出
2016-07-13,6.7462,1.8911,0.81%,场内买入,场内卖出
2016-07-14,6.7562,1.8939,0.15%,场内买入,场内卖出
2016-07-15,6.7426,1.8901,-0.20%,场内买入,场内卖出
2016-07-18,6.7093,1.8808,-0.49%,场内买入,场内卖出
2016-07-19,6.7262,1.8855,0.25%,场内买入,场内卖出
2016-07-20,6.7119,1.8815,-0.21%,场内买入,场内卖出
2016-07-21,6.7378,1.8888,0.39%,场内买入,场内卖出
2016-07-22,6.6852,1.874,-0.78%,场内买入,场内卖出
2016-07-25,6.7031,1.879,0.27%,场内买入,场内卖出
2016-07-26,6.792,1.904,1.33%,场内买入,场内卖出
2016-07-27,6.5136,1.8259,-4.10%,场内买入,场内卖出
2016-07-28,6.5265,1.8295,0.20%,场内买入,场内卖出
2016-07-29,6.4841,1.8177,-0.65%,场内买入,场内卖出
2016-08-01,6.3854,1.79,-1.52%,场内买入,场内卖出
2016-08-02,6.447,1.8073,0.96%,场内买入,场内卖出
2016-08-03,6.4782,1.816,0.48%,场内买入,场内卖出
2016-08-04,6.5199,1.8277,0.64%,场内买入,场内卖出
2016-08-05,6.4852,1.818,-0.53%,场内买入,场内卖出
2016-08-08,6.5785,1.8441,1.44%,场内买入,场内卖出
2016-08-09,6.6322,1.8592,0.82%,场内买入,场内卖出
2016-08-10,6.6086,1.8526,-0.36%,场内买入,场内卖出
2016-08-11,6.5136,1.8259,-1.44%,场内买入,场内卖出
2016-08-12,6.588,1.8468,1.14%,场内买入,场内卖出
2016-08-15,6.7395,1.8892,2.30%,场内买入,场内卖出
2016-08-16,6.7672,1.897,0.41%,场内买入,场内卖出
2016-08-17,6.7872,1.9026,0.30%,场内买入,场内卖出
2016-08-18,6.7884,1.903,0.02%,场内买入,场内卖出
2016-08-19,6.7991,1.906,0.16%,场内买入,场内卖出
2016-08-22,6.7167,1.8829,-1.21%,场内买入,场内卖出
2016-08-23,6.7236,1.8848,0.10%,场内买入,场内卖出
2016-08-24,6.7311,1.8869,0.11%,场内买入,场内卖出
2016-08-25,6.6759,1.8714,-0.82%,场内买入,场内卖出
2016-08-26,6.7054,1.8797,0.44%,场内买入,场内卖出
2016-08-29,6.723,1.8846,0.26%,场内买入,场内卖出
2016-08-30,6.7218,1.8843,-0.02%,场内买入,场内卖出
2016-08-31,6.7308,1.8868,0.13%,场内买入,场内卖出
2016-09-01,6.6769,1.8717,-0.80%,场内买入,场内卖出
2016-09-02,6.6507,1.8644,-0.39%,场内买入,场内卖出
2016-09-05,6.6872,1.8746,0.55%,场内买入,场内卖出
2016-09-06,6.7941,1.9046,1.60%,场内买入,场内卖出
2016-09-07,6.7957,1.905,0.02%,场内买入,场内卖出
2016-09-08,6.8198,1.9118,0.35%,场内买入,场内卖出
2016-09-09,6.7736,1.8988,-0.68%,场内买入,场内卖出
2016-09-12,6.5856,1.8461,-2.78%,场内买入,场内卖出
2016-09-13,6.6145,1.8542,0.44%,场内买入,场内卖出
2016-09-14,6.572,1.8423,-0.64%,场内买入,场内卖出
2016-09-19,6.6401,1.8614,1.04%,场内买入,场内卖出
2016-09-20,6.6378,1.8607,-0.03%,场内买入,场内卖出
2016-09-21,6.641,1.8616,0.05%,场内买入,场内卖出
2016-09-22,6.685,1.874,0.66%,场内买入,场内卖出
2016-09-23,6.67,1.8698,-0.22%,场内买入,场内卖出
2016-09-26,6.5378,1.8327,-1.98%,场内买入,场内卖出
2016-09-27,6.5826,1.8453,0.69%,场内买入,场内卖出
2016-09-28,6.5784,1.8441,-0.06%,场内买入,场内卖出
2016-09-29,6.5987,1.8498,0.31%,场内买入,场内卖出
2016-09-30,6.6289,1.8582,0.46%,场内买入,场内卖出
2016-10-10,6.7526,1.8929,1.87%,场内买入,场内卖出
2016-10-11,6.7919,1.9039,0.58%,场内买入,场内卖出
2016-10-12,6.788,1.9028,-0.06%,场内买入,场内卖出
2016-10-13,6.7907,1.9036,0.04%,场内买入,场内卖出
2016-10-14,6.7749,1.8992,-0.23%,场内买入,场内卖出
2016-10-17,6.7163,1.8827,-0.87%,场内买入,场内卖出
2016-10-18,6.8164,1.9108,1.49%,场内买入,场内卖出
2016-10-19,6.8018,1.9067,-0.21%,场内买入,场内卖出
2016-10-20,6.8053,1.9077,0.05%,场内买入,场内卖出
2016-10-21,6.781,1.9009,-0.36%,场内买入,场内卖出
2016-10-24,6.8491,1.92,1.00%,场内买入,场内卖出
2016-10-25,6.8733,1.9268,0.35%,场内买入,场内卖出
2016-10-26,6.839,1.9171,-0.50%,场内买入,场内卖出
2016-10-27,6.8253,1.9133,-0.20%,场内买入,场内卖出
2016-10-28,6.7617,1.8955,-0.93%,场内买入,场内卖出
2016-10-31,6.7574,1.8943,-0.06%,场内买入,场内卖出
2016-11-01,6.8158,1.9106,0.86%,场内买入,场内卖出
2016-11-02,6.7608,1.8952,-0.81%,场内买入,场内卖出
2016-11-03,6.7908,1.9036,0.44%,场内买入,场内卖出
2016-11-04,6.7684,1.8974,-0.33%,场内买入,场内卖出
2016-11-07,6.7744,1.899,0.09%,场内买入,场内卖出
2016-11-08,6.8104,1.9091,0.53%,场内买入,场内卖出
2016-11-09,6.7586,1.8946,-0.76%,场内买入,场内卖出
2016-11-10,6.846,1.9191,1.29%,场内买入,场内卖出
2016-11-11,6.8958,1.9331,0.73%,场内买入,场内卖出
2016-11-14,6.9278,1.942,0.46%,场内买入,场内卖出
2016-11-15,6.9545,1.9495,0.39%,场内买入,场内卖出
2016-11-16,6.9593,1.9509,0.07%,场内买入,场内卖出
2016-11-17,6.9518,1.9488,-0.11%,场内买入,场内卖出
2016-11-18,6.9163,1.9388,-0.51%,场内买入,场内卖出
2016-11-21,6.9252,1.9413,0.13%,场内买入,场内卖出
2016-11-22,6.9766,1.9557,0.74%,场内买入,场内卖出
2016-11-23,6.9448,1.9468,-0.46%,场内买入,场内卖出
2016-11-24,6.9351,1.9441,-0.14%,场内买入,场内卖出
2016-11-25,6.965,1.9525,0.43%,场内买入,场内卖出
2016-11-28,6.9841,1.9578,0.27%,场内买入,场内卖出
2016-11-29,6.9311,1.943,-0.76%,场内买入,场内卖出
2016-11-30,6.8943,1.9326,-0.53%,场内买入,场内卖出
2016-12-01,6.9348,1.944,0.59%,场内买入,场内卖出
2016-12-02,6.8273,1.9139,-1.55%,场内买入,场内卖出
2016-12-05,6.7924,1.9041,-0.51%,场内买入,场内卖出
2016-12-06,6.7977,1.9056,0.08%,场内买入,场内卖出
2016-12-07,6.8638,1.9241,0.97%,场内买入,场内卖出
2016-12-08,6.8317,1.9151,-0.47%,场内买入,场内卖出
2016-12-09,6.8152,1.9105,-0.24%,场内买入,场内卖出
2016-12-12,6.5382,1.8328,-4.06%,场内买入,场内卖出
2016-12-13,6.5676,1.8411,0.45%,场内买入,场内卖出
2016-12-14,6.529,1.8302,-0.59%,场内买入,场内卖出
2016-12-15,6.57,1.8417,0.63%,场内买入,场内卖出
2016-12-16,6.6109,1.8532,0.62%,场内买入,场内卖出
2016-12-19,6.6123,1.8536,0.02%,场内买入,场内卖出
2016-12-20,6.5914,1.8477,-0.32%,场内买入,场内卖出
2016-12-21,6.6405,1.8615,0.74%,场内买入,场内卖出
2016-12-22,6.6341,1.8597,-0.10%,场内买入,场内卖出
2016-12-23,6.573,1.8426,-0.92%,场内买入,场内卖出
2016-12-26,6.5863,1.8463,0.20%,场内买入,场内卖出
2016-12-27,6.581,1.8448,-0.08%,场内买入,场内卖出
2016-12-28,6.562,1.8395,-0.29%,场内买入,场内卖出
2016-12-29,6.5448,1.8347,-0.26%,场内买入,场内卖出
2016-12-30,6.5555,1.8377,0.16%,场内买入,场内卖出
2016-12-31,6.5554,1.8376,0.00%,场内买入,场内卖出
2017-01-03,6.6141,1.8541,0.89%,场内买入,场内卖出
2017-01-04,6.6916,1.8758,1.17%,场内买入,场内卖出
2017-01-05,6.696,1.8771,0.07%,场内买入,场内卖出
2017-01-06,6.6671,1.869,-0.43%,场内买入,场内卖出
2017-01-09,6.712,1.8815,0.67%,场内买入,场内卖出
2017-01-10,6.69,1.8754,-0.33%,场内买入,场内卖出
2017-01-11,6.6258,1.8574,-0.96%,场内买入,场内卖出
2017-01-12,6.5641,1.8401,-0.93%,场内买入,场内卖出
2017-01-13,6.4829,1.8173,-1.24%,场内买入,场内卖出
2017-01-16,6.3093,1.7687,-2.68%,场内买入,场内卖出
2017-01-17,6.3645,1.7841,0.87%,场内买入,场内卖出
2017-01-18,6.3521,1.7807,-0.19%,场内买入,场内卖出
2017-01-19,6.3266,1.7735,-0.40%,场内买入,场内卖出
2017-01-20,6.409,1.7966,1.30%,场内买入,场内卖出
2017-01-23,6.4604,1.811,0.80%,场内买入,场内卖出
2017-01-24,6.4534,1.809,-0.11%,场内买入,场内卖出
2017-01-25,6.4689,1.8134,0.24%,场内买入,场内卖出
2017-01-26,6.5146,1.8262,0.71%,场内买入,场内卖出
2017-02-03,6.4962,1.821,-0.28%,场内买入,场内卖出
2017-02-06,6.5498,1.8361,0.83%,场内买入,场内卖出
2017-02-07,6.5462,1.8351,-0.06%,场内买入,场内卖出
2017-02-08,6.5842,1.8457,0.58%,场内买入,场内卖出
2017-02-09,6.6256,1.8573,0.63%,场内买入,场内卖出
2017-02-10,6.6317,1.859,0.09%,场内买入,场内卖出
2017-02-13,6.6659,1.8686,0.52%,场内买入,场内卖出
2017-02-14,6.6709,1.87,0.08%,场内买入,场内卖出
2017-02-15,6.6039,1.8512,-1.00%,场内买入,场内卖出
2017-02-16,6.6532,1.8651,0.75%,场内买入,场内卖出
2017-02-17,6.5992,1.8499,-0.81%,场内买入,场内卖出
2017-02-20,6.6806,1.8727,1.23%,场内买入,场内卖出
2017-02-21,6.7324,1.8873,0.78%,场内买入,场内卖出
2017-02-22,6.7737,1.8988,0.61%,场内买入,场内卖出
2017-02-23,6.7734,1.8988,0.00%,场内买入,场内卖出
2017-02-24,6.7766,1.8996,0.05%,场内买入,场内卖出
2017-02-27,6.7217,1.8843,-0.81%,场内买入,场内卖出
2017-02-28,6.7496,1.8921,0.42%,场内买入,场内卖出
2017-03-01,6.7678,1.8972,0.27%,场内买入,场内卖出
2017-03-02,6.7338,1.8877,-0.50%,场内买入,场内卖出
2017-03-03,6.753,1.893,0.29%,场内买入,场内卖出
2017-03-06,6.82,1.9118,0.99%,场内买入,场内卖出
2017-03-07,6.8258,1.9134,0.09%,场内买入,场内卖出
2017-03-08,6.7988,1.9059,-0.40%,场内买入,场内卖出
2017-03-09,6.7387,1.889,-0.88%,场内买入,场内卖出
2017-03-10,6.7481,1.8917,0.14%,场内买入,场内卖出
2017-03-13,6.8112,1.9093,0.94%,场内买入,场内卖出
2017-03-14,6.7961,1.9051,-0.22%,场内买入,场内卖出
2017-03-15,6.7886,1.903,-0.11%,场内买入,场内卖出
2017-03-16,6.8492,1.92,0.89%,场内买入,场内卖出
2017-03-17,6.7874,1.9027,-0.90%,场内买入,场内卖出
2017-03-20,6.8016,1.9067,0.21%,场内买入,场内卖出
2017-03-21,6.8195,1.9117,0.26%,场内买入,场内卖出
2017-03-22,6.803,1.907,-0.24%,场内买入,场内卖出
2017-03-23,6.8159,1.9107,0.19%,场内买入,场内卖出
2017-03-24,6.8536,1.9212,0.55%,场内买入,场内卖出
2017-03-27,6.8214,1.9122,-0.47%,场内买入,场内卖出
2017-03-28,6.8036,1.9072,-0.26%,场内买入,场内卖出
2017-03-29,6.7845,1.9019,-0.28%,场内买入,场内卖出
2017-03-30,6.6758,1.8714,-1.60%,场内买入,场内卖出
2017-03-31,6.7024,1.8788,0.40%,场内买入,场内卖出
2017-04-05,6.8471,1.9194,2.16%,场内买入,场内卖出
2017-04-06,6.8669,1.925,0.29%,场内买入,场内卖出
2017-04-07,6.887,1.9306,0.29%,场内买入,场内卖出
2017-04-10,6.874,1.927,-0.19%,场内买入,场内卖出
2017-04-11,6.9387,1.9451,0.94%,场内买入,场内卖出
2017-04-12,6.8848,1.93,-0.78%,场内买入,场内卖出
2017-04-13,6.9271,1.9418,0.61%,场内买入,场内卖出
2017-04-14,6.8356,1.9162,-1.32%,场内买入,场内卖出
2017-04-17,6.7601,1.895,-1.10%,场内买入,场内卖出
2017-04-18,6.7208,1.884,-0.58%,场内买入,场内卖出
2017-04-19,6.6497,1.8641,-1.06%,场内买入,场内卖出
2017-04-20,6.6468,1.8633,-0.04%,场内买入,场内卖出
2017-04-21,6.5979,1.8496,-0.74%,场内买入,场内卖出
2017-04-24,6.4292,1.8023,-2.56%,场内买入,场内卖出
2017-04-25,6.4513,1.8085,0.34%,场内买入,场内卖出
2017-04-26,6.468,1.8131,0.26%,场内买入,场内卖出
2017-04-27,6.4852,1.818,0.27%,场内买入,场内卖出
2017-04-28,6.5055,1.8237,0.31%,场内买入,场内卖出
2017-05-02,6.5094,1.8247,0.06%,场内买入,场内卖出
2017-05-03,6.4899,1.8193,-0.30%,场内买入,场内卖出
2017-05-04,6.4679,1.8131,-0.34%,场内买入,场内卖出
2017-05-05,6.3778,1.7879,-1.39%,场内买入,场内卖出
2017-05-08,6.2586,1.7544,-1.87%,场内买入,场内卖出
2017-05-09,6.2958,1.7649,0.59%,场内买入,场内卖出
2017-05-10,6.1654,1.7283,-2.07%,场内买入,场内卖出
2017-05-11,6.151,1.7243,-0.23%,场内买入,场内卖出
2017-05-12,6.1425,1.7219,-0.14%,场内买入,场内卖出
2017-05-15,6.1745,1.7309,0.52%,场内买入,场内卖出
2017-05-16,6.3023,1.7667,2.07%,场内买入,场内卖出
2017-05-17,6.3167,1.7707,0.23%,场内买入,场内卖出
2017-05-18,6.2633,1.7558,-0.85%,场内买入,场内卖出
2017-05-19,6.2623,1.7555,-0.02%,场内买入,场内卖出
2017-05-22,6.172,1.7302,-1.44%,场内买入,场内卖出
2017-05-23,6.043,1.694,-2.09%,场内买入,场内卖出
2017-05-24,6.079,1.7041,0.60%,场内买入,场内卖出
2017-05-25,6.134,1.7195,0.90%,场内买入,场内卖出
2017-05-26,6.1224,1.7163,-0.19%,场内买入,场内卖出
2017-05-31,6.1081,1.7123,-0.23%,场内买入,场内卖出
2017-06-01,5.989,1.6789,-1.95%,场内买入,场内卖出
2017-06-02,6.0554,1.6975,1.11%,场内买入,场内卖出
2017-06-05,6.101,1.7103,0.75%,场内买入,场内卖出
2017-06-06,6.1271,1.7176,0.43%,场内买入,场内卖出
2017-06-07,6.2479,1.7514,1.97%,场内买入,场内卖出
2017-06-08,6.2547,1.7533,0.11%,场内买入,场内卖出
2017-06-09,6.2691,1.7574,0.23%,场内买入,场内卖出
2017-06-12,6.2007,1.7382,-1.09%,场内买入,场内卖出
2017-06-13,6.282,1.761,1.31%,场内买入,场内卖出
2017-06-14,6.2683,1.7572,-0.22%,场内买入,场内卖出
2017-06-15,6.3267,1.7735,0.93%,场内买入,场内卖出
2017-06-16,6.3206,1.7718,-0.10%,场内买入,场内卖出
2017-06-19,6.3675,1.785,0.74%,场内买入,场内卖出
2017-06-20,6.3781,1.7879,0.17%,场内买入,场内卖出
2017-06-21,6.3898,1.7912,0.18%,场内买入,场内卖出
2017-06-22,6.3016,1.7665,-1.38%,场内买入,场内卖出
2017-06-23,6.3189,1.7713,0.27%,场内买入,场内卖出
2017-06-26,6.4266,1.8015,1.70%,场内买入,场内卖出
2017-06-27,6.4285,1.8021,0.03%,场内买入,场内卖出
2017-06-28,6.4005,1.7942,-0.44%,场内买入,场内卖出
2017-06-29,6.4341,1.8036,0.53%,场内买入,场内卖出
2017-06-30,6.4572,1.8101,0.36%,场内买入,场内卖出
2017-07-03,6.4987,1.8217,0.64%,场内买入,场内卖出
2017-07-04,6.4659,1.8126,-0.50%,场内买入,场内卖出
2017-07-05,6.5154,1.8264,0.77%,场内买入,场内卖出
2017-07-06,6.5239,1.8288,0.13%,场内买入,场内卖出
2017-07-07,6.551,1.8364,0.42%,场内买入,场内卖出
2017-07-10,6.5307,1.8307,-0.31%,场内买入,场内卖出
2017-07-11,6.4499,1.8081,-1.24%,场内买入,场内卖出
2017-07-12,6.4529,1.8089,0.05%,场内买入,场内卖出
2017-07-13,6.4721,1.8143,0.30%,场内买入,场内卖出
2017-07-14,6.4513,1.8085,-0.32%,场内买入,场内卖出
2017-07-17,6.1869,1.7343,-4.10%,场内买入,场内卖出
2017-07-18,6.251,1.7523,1.04%,场内买入,场内卖出
2017-07-19,6.3792,1.7882,2.05%,场内买入,场内卖出
2017-07-20,6.4217,1.8002,0.67%,场内买入,场内卖出
2017-07-21,6.4519,1.8086,0.47%,场内买入,场内卖出
2017-07-24,6.4951,1.8207,0.67%,场内买入,场内卖出
2017-07-25,6.48,1.8165,-0.23%,场内买入,场内卖出
2017-07-26,6.4734,1.8147,-0.10%,场内买入,场内卖出
2017-07-27,6.5144,1.8261,0.63%,场内买入,场内卖出
2017-07-28,6.5485,1.8357,0.52%,场内买入,场内卖出
2017-07-31,6.6352,1.86,1.32%,场内买入,场内卖出
2017-08-01,6.6228,1.8565,-0.19%,场内买入,场内卖出
2017-08-02,6.5869,1.8465,-0.54%,场内买入,场内卖出
2017-08-03,6.5977,1.8495,0.16%,场内买入,场内卖出
2017-08-04,6.5596,1.8388,-0.58%,场内买入,场内卖出
2017-08-07,6.6406,1.8615,1.23%,场内买入,场内卖出
2017-08-08,6.6406,1.8615,0.00%,场内买入,场内卖出
2017-08-09,6.6796,1.8725,0.59%,场内买入,场内卖出
2017-08-10,6.6255,1.8573,-0.81%,场内买入,场内卖出
2017-08-11,6.4918,1.8198,-2.02%,场内买入,场内卖出
2017-08-14,6.6295,1.8584,2.12%,场内买入,场内卖出
2017-08-15,6.6523,1.8648,0.34%,场内买入,场内卖出
2017-08-16,6.6573,1.8662,0.08%,场内买入,场内卖出
2017-08-17,6.7073,1.8802,0.75%,场内买入,场内卖出
2017-08-18,6.6875,1.8747,-0.30%,场内买入,场内卖出
2017-08-21,6.7467,1.8913,0.89%,场内买入,场内卖出
2017-08-22,6.7172,1.883,-0.44%,场内买入,场内卖出
2017-08-23,6.6617,1.8674,-0.83%,场内买入,场内卖出
2017-08-24,6.6152,1.8544,-0.70%,场内买入,场内卖出
2017-08-25,6.6873,1.8746,1.09%,场内买入,场内卖出
2017-08-28,6.7697,1.8977,1.23%,场内买入,场内卖出
2017-08-29,6.7516,1.8926,-0.27%,场内买入,场内卖出
2017-08-30,6.7996,1.9061,0.71%,场内买入,场内卖出
2017-08-31,6.8177,1.9112,0.27%,场内买入,场内卖出
2017-09-01,6.8769,1.9278,0.87%,场内买入,场内卖出
2017-09-04,6.916,1.9387,0.57%,场内买入,场内卖出
2017-09-05,6.9243,1.9411,0.12%,场内买入,场内卖出
2017-09-06,6.9613,1.9514,0.53%,场内买入,场内卖出
2017-09-07,6.9106,1.9372,-0.73%,场内买入,场内卖出
2017-09-08,6.9253,1.9413,0.21%,场内买入,场内卖出
2017-09-11,7.0056,1.9638,1.16%,场内买入,场内卖出
2017-09-12,7.0005,1.9624,-0.07%,场内买入,场内卖出
2017-09-13,7.0423,1.9741,0.60%,场内买入,场内卖出
2017-09-14,7.0295,1.9705,-0.18%,场内买入,场内卖出
2017-09-15,6.9766,1.9557,-0.75%,场内买入,场内卖出
2017-09-18,7.0275,1.97,0.73%,场内买入,场内卖出
2017-09-19,6.9918,1.96,-0.51%,场内买入,场内卖出
2017-09-20,7.0512,1.9766,0.85%,场内买入,场内卖出
2017-09-21,6.9665,1.9529,-1.20%,场内买入,场内卖出
2017-09-22,6.9236,1.9409,-0.62%,场内买入,场内卖出
2017-09-25,6.8371,1.9166,-1.25%,场内买入,场内卖出
2017-09-26,6.8675,1.9251,0.44%,场内买入,场内卖出
2017-09-27,6.9346,1.9439,0.98%,场内买入,场内卖出
2017-09-28,6.9188,1.9395,-0.23%,场内买入,场内卖出
2017-09-29,6.9555,1.9498,0.53%,场内买入,场内卖出
2017-10-09,7.0345,1.9719,1.14%,场内买入,场内卖出
2017-10-10,7.0629,1.9799,0.40%,场内买入,场内卖出
2017-10-11,7.0217,1.9684,-0.58%,场内买入,场内卖出
2017-10-12,7.0128,1.9659,-0.13%,场内买入,场内卖出
2017-10-13,7.0677,1.9813,0.78%,场内买入,场内卖出
2017-10-16,6.9723,1.9545,-1.35%,场内买入,场内卖出
2017-10-17,6.9647,1.9524,-0.11%,场内买入,场内卖出
2017-10-18,6.9126,1.9378,-0.75%,场内买入,场内卖出
2017-10-19,6.8474,1.9195,-0.94%,场内买入,场内卖出
2017-10-20,6.9212,1.9402,1.08%,场内买入,场内卖出
2017-10-23,6.9642,1.9522,0.62%,场内买入,场内卖出
2017-10-24,6.9531,1.9491,-0.16%,场内买入,场内卖出
2017-10-25,7.001,1.9626,0.69%,场内买入,场内卖出
2017-10-26,7.0267,1.9698,0.37%,场内买入,场内卖出
2017-10-27,6.983,1.9575,-0.62%,场内买入,场内卖出
2017-10-30,6.8576,1.9224,-1.80%,场内买入,场内卖出
2017-10-31,6.9083,1.9366,0.74%,场内买入,场内卖出
2017-11-01,6.9007,1.9344,-0.11%,场内买入,场内卖出
2017-11-02,6.8288,1.9143,-1.04%,场内买入,场内卖出
2017-11-03,6.7671,1.897,-0.90%,场内买入,场内卖出
2017-11-06,6.8565,1.922,1.32%,场内买入,场内卖出
2017-11-07,6.8993,1.934,0.62%,场内买入,场内卖出
2017-11-08,6.9111,1.9374,0.17%,场内买入,场内卖出
2017-11-09,6.9624,1.9517,0.74%,场内买入,场内卖出
2017-11-10,6.9946,1.9608,0.46%,场内买入,场内卖出
2017-11-13,7.0258,1.9695,0.45%,场内买入,场内卖出
2017-11-14,6.9657,1.9527,-0.86%,场内买入,场内卖出
2017-11-15,6.8851,1.9301,-1.16%,场内买入,场内卖出
2017-11-16,6.9072,1.9363,0.32%,场内买入,场内卖出
2017-11-17,6.702,1.8787,-2.97%,场内买入,场内卖出
2017-11-20,6.7753,1.8993,1.09%,场内买入,场内卖出
2017-11-21,6.8002,1.9063,0.37%,场内买入,场内卖出
2017-11-22,6.7817,1.9011,-0.27%,场内买入,场内卖出
2017-11-23,6.6103,1.853,-2.53%,场内买入,场内卖出
2017-11-24,6.6134,1.8539,0.05%,场内买入,场内卖出
2017-11-27,6.5246,1.829,-1.34%,场内买入,场内卖出
2017-11-28,6.6343,1.8598,1.68%,场内买入,场内卖出
2017-11-29,6.655,1.8656,0.31%,场内买入,场内卖出
2017-11-30,6.5964,1.8491,-0.88%,场内买入,场内卖出
2017-12-01,6.651,1.8644,0.83%,场内买入,场内卖出
2017-12-04,6.6122,1.8536,-0.58%,场内买入,场内卖出
2017-12-05,6.4591,1.8106,-2.32%,场内买入,场内卖出
2017-12-06,6.5013,1.8225,0.65%,场内买入,场内卖出
2017-12-07,6.4703,1.8138,-0.48%,场内买入,场内卖出
2017-12-08,6.5406,1.8335,1.09%,场内买入,场内卖出
2017-12-11,6.6273,1.8578,1.33%,场内买入,场内卖出
2017-12-12,6.5729,1.8425,-0.82%,场内买入,场内卖出
2017-12-13,6.6186,1.8554,0.70%,场内买入,场内卖出
2017-12-14,6.626,1.8574,0.11%,场内买入,场内卖出
2017-12-15,6.5726,1.8425,-0.81%,场内买入,场内卖出
2017-12-18,6.5332,1.8314,-0.60%,场内买入,场内卖出
2017-12-19,6.5881,1.8468,0.84%,场内买入,场内卖出
2017-12-20,6.5324,1.8312,-0.85%,场内买入,场内卖出
2017-12-21,6.5756,1.8433,0.66%,场内买入,场内卖出
2017-12-22,6.5796,1.8444,0.06%,场内买入,场内卖出
2017-12-25,6.5178,1.8271,-0.94%,场内买入,场内卖出
2017-12-26,6.5553,1.8376,0.58%,场内买入,场内卖出
2017-12-27,6.5058,1.8237,-0.76%,场内买入,场内卖出
2017-12-28,6.5395,1.8332,0.52%,场内买入,场内卖出
2017-12-29,6.5884,1.8469,0.75%,场内买入,场内卖出
2017-12-31,6.5882,1.8468,%,场内买入,场内卖出
2018-01-02,6.6741,1.8709,1.30%,场内买入,场内卖出
2018-01-03,6.7328,1.8874,0.88%,场内买入,场内卖出
2018-01-04,6.7627,1.8958,0.44%,场内买入,场内卖出
2018-01-05,6.7625,1.8957,0.00%,场内买入,场内卖出
2018-01-08,6.7924,1.9041,0.44%,场内买入,场内卖出
2018-01-09,6.7917,1.9039,-0.01%,场内买入,场内卖出
2018-01-10,6.7499,1.8922,-0.62%,场内买入,场内卖出
2018-01-11,6.7715,1.8982,0.32%,场内买入,场内卖出
2018-01-12,6.7433,1.8903,-0.42%,场内买入,场内卖出
2018-01-15,6.5895,1.8472,-2.28%,场内买入,场内卖出
2018-01-16,6.6384,1.8609,0.74%,场内买入,场内卖出
2018-01-17,6.6015,1.8506,-0.56%,场内买入,场内卖出
2018-01-18,6.6197,1.8557,0.28%,场内买入,场内卖出
2018-01-19,6.6026,1.8509,-0.26%,场内买入,场内卖出
2018-01-22,6.683,1.8734,1.22%,场内买入,场内卖出
2018-01-23,6.69,1.8754,0.10%,场内买入,场内卖出
2018-01-24,6.7327,1.8873,0.64%,场内买入,场内卖出
2018-01-25,6.7204,1.8839,-0.18%,场内买入,场内卖出
2018-01-26,6.721,1.8841,0.01%,场内买入,场内卖出
2018-01-29,6.6424,1.862,-1.17%,场内买入,场内卖出
2018-01-30,6.6459,1.863,0.05%,场内买入,场内卖出
2018-01-31,6.5149,1.8263,-1.97%,场内买入,场内卖出
2018-02-01,6.2998,1.766,-3.30%,场内买入,场内卖出
2018-02-02,6.3196,1.7715,0.31%,场内买入,场内卖出
2018-02-05,6.3126,1.7696,-0.11%,场内买入,场内卖出
2018-02-06,6.005,1.6834,-4.87%,场内买入,场内卖出
2018-02-07,6.0105,1.6849,0.09%,场内买入,场内卖出
2018-02-08,6.0688,1.7012,0.97%,场内买入,场内卖出
2018-02-09,5.8444,1.6383,-3.70%,场内买入,场内卖出
2018-02-12,5.9977,1.6813,2.62%,场内买入,场内卖出
2018-02-13,6.0369,1.6923,0.65%,场内买入,场内卖出
2018-02-14,6.0561,1.6977,0.32%,场内买入,场内卖出
2018-02-22,6.1836,1.7334,2.11%,场内买入,场内卖出
2018-02-23,6.2065,1.7398,0.37%,场内买入,场内卖出
2018-02-26,6.3463,1.779,2.25%,场内买入,场内卖出
2018-02-27,6.3266,1.7735,-0.31%,场内买入,场内卖出
2018-02-28,6.3398,1.7772,0.21%,场内买入,场内卖出
2018-03-01,6.4093,1.7967,1.10%,场内买入,场内卖出
2018-03-02,6.374,1.7868,-0.55%,场内买入,场内卖出
2018-03-05,6.3813,1.7888,0.11%,场内买入,场内卖出
2018-03-06,6.4677,1.8131,1.35%,场内买入,场内卖出
2018-03-07,6.406,1.7958,-0.95%,场内买入,场内卖出
2018-03-08,6.4542,1.8093,0.75%,场内买入,场内卖出
2018-03-09,6.5348,1.8319,1.25%,场内买入,场内卖出
2018-03-12,6.6279,1.858,1.42%,场内买入,场内卖出
2018-03-13,6.5858,1.8462,-0.64%,场内买入,场内卖出
2018-03-14,6.5173,1.827,-1.04%,场内买入,场内卖出
2018-03-15,6.5057,1.8237,-0.18%,场内买入,场内卖出
2018-03-16,6.4708,1.8139,-0.54%,场内买入,场内卖出
2018-03-19,6.4771,1.8157,0.10%,场内买入,场内卖出
2018-03-20,6.4974,1.8214,0.31%,场内买入,场内卖出
2018-03-21,6.4503,1.8082,-0.72%,场内买入,场内卖出
2018-03-22,6.4201,1.7997,-0.47%,场内买入,场内卖出
2018-03-23,6.0879,1.7066,-5.17%,场内买入,场内卖出
2018-03-26,6.2102,1.7409,2.01%,场内买入,场内卖出
2018-03-27,6.349,1.7798,2.24%,场内买入,场内卖出
2018-03-28,6.2845,1.7617,-1.02%,场内买入,场内卖出
2018-03-29,6.3492,1.7798,1.03%,场内买入,场内卖出
2018-03-30,6.4335,1.8035,1.33%,场内买入,场内卖出
2018-04-02,6.4409,1.8055,0.12%,场内买入,场内卖出
2018-04-03,6.3756,1.7872,-1.01%,场内买入,场内卖出
2018-04-04,6.3325,1.7752,-0.68%,场内买入,场内卖出
2018-04-09,6.3402,1.7773,0.12%,场内买入,场内卖出
2018-04-10,6.3801,1.7885,0.63%,场内买入,场内卖出
2018-04-11,6.4045,1.7953,0.38%,场内买入,场内卖出
2018-04-12,6.3671,1.7849,-0.58%,场内买入,场内卖出
2018-04-13,6.3417,1.7777,-0.40%,场内买入,场内卖出
2018-04-16,6.325,1.7731,-0.26%,场内买入,场内卖出
2018-04-17,6.1985,1.7376,-2.00%,场内买入,场内卖出
2018-04-18,6.2823,1.7611,1.35%,场内买入,场内卖出
2018-04-19,6.3182,1.7711,0.57%,场内买入,场内卖出
2018-04-20,6.1874,1.7345,-2.07%,场内买入,场内卖出
2018-04-23,6.1258,1.7172,-1.00%,场内买入,场内卖出
2018-04-24,6.2677,1.757,2.32%,场内买入,场内卖出
2018-04-25,6.2698,1.7576,0.03%,场内买入,场内卖出
2018-04-26,6.1536,1.725,-1.85%,场内买入,场内卖出
2018-04-27,6.1689,1.7293,0.25%,场内买入,场内卖出
2018-05-02,6.162,1.7274,-0.11%,场内买入,场内卖出
2018-05-03,6.2215,1.744,0.97%,场内买入,场内卖出
2018-05-04,6.2219,1.7442,0.01%,场内买入,场内卖出
2018-05-07,6.3383,1.7768,1.87%,场内买入,场内卖出
2018-05-08,6.3622,1.7835,0.38%,场内买入,场内卖出
2018-05-09,6.3488,1.7797,-0.21%,场内买入,场内卖出
2018-05-10,6.361,1.7831,0.19%,场内买入,场内卖出
2018-05-11,6.3109,1.7691,-0.79%,场内买入,场内卖出
2018-05-14,6.2861,1.7621,-0.39%,场内买入,场内卖出
2018-05-15,6.3427,1.778,0.90%,场内买入,场内卖出
2018-05-16,6.3275,1.7738,-0.24%,场内买入,场内卖出
2018-05-17,6.2973,1.7653,-0.48%,场内买入,场内卖出
2018-05-18,6.3215,1.7721,0.38%,场内买入,场内卖出
2018-05-21,6.4033,1.795,1.29%,场内买入,场内卖出
2018-05-22,6.4259,1.8013,0.35%,场内买入,场内卖出
2018-05-23,6.3439,1.7784,-1.28%,场内买入,场内卖出
2018-05-24,6.3226,1.7724,-0.34%,场内买入,场内卖出
2018-05-25,6.2478,1.7514,-1.18%,场内买入,场内卖出
2018-05-28,6.2195,1.7435,-0.45%,场内买入,场内卖出
2018-05-29,6.1603,1.7269,-0.95%,场内买入,场内卖出
2018-05-30,5.999,1.6817,-2.62%,场内买入,场内卖出
2018-05-31,6.0754,1.7031,1.27%,场内买入,场内卖出
2018-06-01,6.004,1.6831,-1.18%,场内买入,场内卖出
2018-06-04,6.0025,1.6826,-0.03%,场内买入,场内卖出
2018-06-05,6.1023,1.7106,1.66%,场内买入,场内卖出
2018-06-06,6.1015,1.7104,-0.01%,场内买入,场内卖出
2018-06-07,6.0616,1.6992,-0.65%,场内买入,场内卖出
2018-06-08,5.9891,1.6789,-1.20%,场内买入,场内卖出
2018-06-11,5.9511,1.6682,-0.63%,场内买入,场内卖出
2018-06-12,6.0163,1.6865,1.10%,场内买入,场内卖出
2018-06-13,5.9264,1.6613,-1.49%,场内买入,场内卖出
2018-06-14,5.9063,1.6557,-0.34%,场内买入,场内卖出
2018-06-15,5.8004,1.626,-1.79%,场内买入,场内卖出
2018-06-19,5.4358,1.5238,-6.29%,场内买入,场内卖出
2018-06-20,5.499,1.5415,1.16%,场内买入,场内卖出
2018-06-21,5.384,1.5093,-2.09%,场内买入,场内卖出
2018-06-22,5.461,1.5309,1.43%,场内买入,场内卖出
2018-06-25,5.4244,1.5206,-0.67%,场内买入,场内卖出
2018-06-26,5.4618,1.5311,0.69%,场内买入,场内卖出
2018-06-27,5.4084,1.5161,-0.98%,场内买入,场内卖出
2018-06-28,5.3527,1.5005,-1.03%,场内买入,场内卖出
2018-06-29,5.5274,1.5495,3.26%,场内买入,场内卖出
2018-06-30,5.5273,1.5494,%,场内买入,场内卖出
2018-07-02,5.442,1.5255,-1.55%,场内买入,场内卖出
2018-07-03,5.5047,1.5431,1.15%,场内买入,场内卖出
2018-07-04,5.4259,1.521,-1.43%,场内买入,场内卖出
2018-07-05,5.2813,1.4805,-2.67%,场内买入,场内卖出
2018-07-06,5.2969,1.4849,0.30%,场内买入,场内卖出
2018-07-09,5.4169,1.5185,2.27%,场内买入,场内卖出
2018-07-10,5.4492,1.5275,0.60%,场内买入,场内卖出
2018-07-11,5.3429,1.4977,-1.95%,场内买入,场内卖出
2018-07-12,5.4905,1.5391,2.76%,场内买入,场内卖出
2018-07-13,5.5249,1.5488,0.63%,场内买入,场内卖出
2018-07-16,5.5158,1.5462,-0.16%,场内买入,场内卖出
2018-07-17,5.5162,1.5463,0.01%,场内买入,场内卖出
2018-07-18,5.4767,1.5353,-0.72%,场内买入,场内卖出
2018-07-19,5.4284,1.5217,-0.88%,场内买入,场内卖出
2018-07-20,5.4979,1.5412,1.28%,场内买入,场内卖出
2018-07-23,5.5391,1.5527,0.75%,场内买入,场内卖出
2018-07-24,5.6358,1.5799,1.75%,场内买入,场内卖出
2018-07-25,5.6403,1.5811,0.08%,场内买入,场内卖出
2018-07-26,5.6026,1.5705,-0.67%,场内买入,场内卖出
2018-07-27,5.5775,1.5635,-0.45%,场内买入,场内卖出
2018-07-30,5.5081,1.5441,-1.24%,场内买入,场内卖出
2018-07-31,5.5105,1.5447,0.04%,场内买入,场内卖出
2018-08-01,5.4211,1.5197,-1.62%,场内买入,场内卖出
2018-08-02,5.3022,1.4863,-2.19%,场内买入,场内卖出
2018-08-03,5.2335,1.4671,-1.30%,场内买入,场内卖出
2018-08-06,5.1217,1.4357,-2.14%,场内买入,场内卖出
2018-08-07,5.2617,1.475,2.73%,场内买入,场内卖出
2018-08-08,5.1808,1.4523,-1.54%,场内买入,场内卖出
2018-08-09,5.3143,1.4897,2.58%,场内买入,场内卖出
2018-08-10,5.3428,1.4977,0.54%,场内买入,场内卖出
2018-08-13,5.3698,1.5053,0.51%,场内买入,场内卖出
2018-08-14,5.3512,1.5001,-0.35%,场内买入,场内卖出
2018-08-15,5.2402,1.469,-2.07%,场内买入,场内卖出
2018-08-16,5.1942,1.4561,-0.88%,场内买入,场内卖出
2018-08-17,5.1028,1.4304,-1.76%,场内买入,场内卖出
2018-08-20,5.1344,1.4393,0.62%,场内买入,场内卖出
2018-08-21,5.1986,1.4573,1.25%,场内买入,场内卖出
2018-08-22,5.1407,1.4411,-1.11%,场内买入,场内卖出
2018-08-23,5.1696,1.4492,0.56%,场内买入,场内卖出
2018-08-24,5.1577,1.4458,-0.23%,场内买入,场内卖出
2018-08-27,5.2737,1.4783,2.25%,场内买入,场内卖出
2018-08-28,5.2883,1.4824,0.28%,场内买入,场内卖出
2018-08-29,5.254,1.4728,-0.65%,场内买入,场内卖出
2018-08-30,5.1753,1.4508,-1.50%,场内买入,场内卖出
2018-08-31,5.1196,1.4352,-1.08%,场内买入,场内卖出
2018-09-03,5.1443,1.4421,0.48%,场内买入,场内卖出
2018-09-04,5.1995,1.4575,1.07%,场内买入,场内卖出
2018-09-05,5.1193,1.4351,-1.54%,场内买入,场内卖出
2018-09-06,5.0955,1.4284,-0.46%,场内买入,场内卖出
2018-09-07,5.0932,1.4278,-0.05%,场内买入,场内卖出
2018-09-10,5.0009,1.4019,-1.81%,场内买入,场内卖出
2018-09-11,4.9988,1.4013,-0.04%,场内买入,场内卖出
2018-09-12,4.9892,1.3986,-0.19%,场内买入,场内卖出
2018-09-13,5.0185,1.4068,0.59%,场内买入,场内卖出
2018-09-14,4.9652,1.3919,-1.06%,场内买入,场内卖出
2018-09-17,4.8934,1.3717,-1.45%,场内买入,场内卖出
2018-09-18,4.9797,1.3959,1.76%,场内买入,场内卖出
2018-09-19,5.0374,1.4121,1.16%,场内买入,场内卖出
2018-09-20,5.0342,1.4112,-0.06%,场内买入,场内卖出
2018-09-21,5.1122,1.4331,1.55%,场内买入,场内卖出
2018-09-25,5.0991,1.4294,-0.26%,场内买入,场内卖出
2018-09-26,5.1248,1.4366,0.50%,场内买入,场内卖出
2018-09-27,5.0619,1.419,-1.23%,场内买入,场内卖出
2018-09-28,5.1106,1.4326,0.96%,场内买入,场内卖出
2018-10-08,4.946,1.3865,-3.22%,场内买入,场内卖出
2018-10-09,4.933,1.3828,-0.26%,场内买入,场内卖出
2018-10-10,4.9285,1.3816,-0.09%,场内买入,场内卖出
2018-10-11,4.585,1.2853,-6.97%,场内买入,场内卖出
2018-10-12,4.5542,1.2767,-0.67%,场内买入,场内卖出
2018-10-15,4.4708,1.2533,-1.83%,场内买入,场内卖出
2018-10-16,4.3653,1.2237,-2.36%,场内买入,场内卖出
2018-10-17,4.4014,1.2338,0.83%,场内买入,场内卖出
2018-10-18,4.2809,1.2,-2.74%,场内买入,场内卖出
2018-10-19,4.3974,1.2327,2.72%,场内买入,场内卖出
2018-10-22,4.6166,1.2941,4.98%,场内买入,场内卖出
2018-10-23,4.5307,1.2701,-1.86%,场内买入,场内卖出
2018-10-24,4.5224,1.2677,-0.18%,场内买入,场内卖出
2018-10-25,4.51,1.2643,-0.27%,场内买入,场内卖出
2018-10-26,4.5089,1.264,-0.02%,场内买入,场内卖出
2018-10-29,4.4337,1.2429,-1.67%,场内买入,场内卖出
2018-10-30,4.4792,1.2556,1.03%,场内买入,场内卖出
2018-10-31,4.5523,1.2761,1.63%,场内买入,场内卖出
2018-11-01,4.5818,1.2844,0.65%,场内买入,场内卖出
2018-11-02,4.732,1.3265,3.28%,场内买入,场内卖出
2018-11-05,4.7358,1.3276,0.08%,场内买入,场内卖出
2018-11-06,4.7348,1.3273,-0.02%,场内买入,场内卖出
2018-11-07,4.7122,1.3209,-0.48%,场内买入,场内卖出
2018-11-08,4.6791,1.3117,-0.70%,场内买入,场内卖出
2018-11-09,4.6671,1.3083,-0.26%,场内买入,场内卖出
2018-11-12,4.7887,1.3424,2.61%,场内买入,场内卖出
2018-11-13,4.8769,1.3671,1.84%,场内买入,场内卖出
2018-11-14,4.8579,1.3618,-0.39%,场内买入,场内卖出
2018-11-15,4.9384,1.3844,1.66%,场内买入,场内卖出
2018-11-16,4.9813,1.3964,0.87%,场内买入,场内卖出
2018-11-19,4.993,1.3997,0.23%,场内买入,场内卖出
2018-11-20,4.851,1.3599,-2.84%,场内买入,场内卖出
2018-11-21,4.869,1.3649,0.37%,场内买入,场内卖出
2018-11-22,4.8662,1.3641,-0.06%,场内买入,场内卖出
2018-11-23,4.6774,1.3112,-3.88%,场内买入,场内卖出
2018-11-26,4.668,1.3086,-0.20%,场内买入,场内卖出
2018-11-27,4.689,1.3144,0.45%,场内买入,场内卖出
2018-11-28,4.7483,1.3311,1.26%,场内买入,场内卖出
2018-11-29,4.6472,1.3027,-2.13%,场内买入,场内卖出
2018-11-30,4.6793,1.3117,0.69%,场内买入,场内卖出
2018-12-03,4.8289,1.3537,3.20%,场内买入,场内卖出
2018-12-04,4.8521,1.3602,0.48%,场内买入,场内卖出
2018-12-05,4.8174,1.3504,-0.72%,场内买入,场内卖出
2018-12-06,4.7184,1.3227,-2.06%,场内买入,场内卖出
2018-12-07,4.7201,1.3232,0.04%,场内买入,场内卖出
2018-12-10,4.667,1.3083,-1.13%,场内买入,场内卖出
2018-12-11,4.708,1.3198,0.88%,场内买入,场内卖出
2018-12-12,4.7086,1.3199,0.01%,场内买入,场内卖出
2018-12-13,4.7632,1.3352,1.16%,场内买入,场内卖出
2018-12-14,4.645,1.3021,-2.48%,场内买入,场内卖出
2018-12-17,4.6361,1.2996,-0.19%,场内买入,场内卖出
2018-12-18,4.6112,1.2926,-0.54%,场内买入,场内卖出
2018-12-19,4.5475,1.2748,-1.38%,场内买入,场内卖出
2018-12-20,4.5598,1.2782,0.27%,场内买入,场内卖出
2018-12-21,4.5289,1.2696,-0.68%,场内买入,场内卖出
2018-12-24,4.5773,1.2831,1.07%,场内买入,场内卖出
2018-12-25,4.5249,1.2684,-1.14%,场内买入,场内卖出
2018-12-26,4.5067,1.2633,-0.40%,场内买入,场内卖出
2018-12-27,4.4568,1.2494,-1.11%,场内买入,场内卖出
2018-12-28,4.4626,1.251,0.13%,场内买入,场内卖出
2018-12-31,4.4624,1.2509,%,场内买入,场内卖出
2019-01-02,4.4239,1.2401,-0.87%,场内买入,场内卖出
2019-01-03,4.4037,1.2345,-0.46%,场内买入,场内卖出
2019-01-04,4.5084,1.2638,2.38%,场内买入,场内卖出
2019-01-07,4.5925,1.2874,1.87%,场内买入,场内卖出
2019-01-08,4.5808,1.2841,-0.25%,场内买入,场内卖出
2019-01-09,4.5937,1.2877,0.28%,场内买入,场内卖出
2019-01-10,4.5862,1.2856,-0.16%,场内买入,场内卖出
2019-01-11,4.621,1.2954,0.76%,场内买入,场内卖出
2019-01-14,4.5908,1.2869,-0.65%,场内买入,场内卖出
2019-01-15,4.6564,1.3053,1.43%,场内买入,场内卖出
2019-01-16,4.6457,1.3023,-0.23%,场内买入,场内卖出
2019-01-17,4.6103,1.2924,-0.76%,场内买入,场内卖出
2019-01-18,4.657,1.3055,1.01%,场内买入,场内卖出
2019-01-21,4.6843,1.3131,0.59%,场内买入,场内卖出
2019-01-22,4.6139,1.2934,-1.50%,场内买入,场内卖出
2019-01-23,4.6218,1.2956,0.17%,场内买入,场内卖出
2019-01-24,4.6468,1.3026,0.54%,场内买入,场内卖出
2019-01-25,4.6262,1.2968,-0.44%,场内买入,场内卖出
2019-01-28,4.6132,1.2932,-0.28%,场内买入,场内卖出
2019-01-29,4.5565,1.2773,-1.23%,场内买入,场内卖出
2019-01-30,4.5111,1.2646,-1.00%,场内买入,场内卖出
2019-01-31,4.4725,1.2538,-0.86%,场内买入,场内卖出
2019-02-01,4.5997,1.2894,2.84%,场内买入,场内卖出
2019-02-11,4.7152,1.3218,2.51%,场内买入,场内卖出
2019-02-12,4.7542,1.3327,0.83%,场内买入,场内卖出
2019-02-13,4.8331,1.3548,1.66%,场内买入,场内卖出
2019-02-14,4.8545,1.3608,0.44%,场内买入,场内卖出
2019-02-15,4.8226,1.3519,-0.66%,场内买入,场内卖出
2019-02-18,4.9924,1.3995,3.52%,场内买入,场内卖出
2019-02-19,4.9981,1.4011,0.11%,场内买入,场内卖出
2019-02-20,4.9985,1.4012,0.01%,场内买入,场内卖出
2019-02-21,4.9896,1.3987,-0.18%,场内买入,场内卖出
2019-02-22,5.1155,1.434,2.52%,场内买入,场内卖出
2019-02-25,5.4026,1.5145,5.61%,场内买入,场内卖出
2019-02-26,5.398,1.5132,-0.09%,场内买入,场内卖出
2019-02-27,5.3729,1.5062,-0.47%,场内买入,场内卖出
2019-02-28,5.3809,1.5084,0.15%,场内买入,场内卖出
2019-03-01,5.4249,1.5207,0.82%,场内买入,场内卖出
2019-03-04,5.522,1.548,1.79%,场内买入,场内卖出
2019-03-05,5.6674,1.5887,2.63%,场内买入,场内卖出
2019-03-06,5.7682,1.617,1.78%,场内买入,场内卖出
2019-03-07,5.843,1.6379,1.30%,场内买入,场内卖出
2019-03-08,5.6178,1.5748,-3.85%,场内买入,场内卖出
2019-03-11,5.8388,1.6368,3.93%,场内买入,场内卖出
2019-03-12,5.939,1.6648,1.72%,场内买入,场内卖出
2019-03-13,5.8044,1.6271,-2.27%,场内买入,场内卖出
2019-03-14,5.6689,1.5891,-2.33%,场内买入,场内卖出
2019-03-15,5.7334,1.6072,1.14%,场内买入,场内卖出
2019-03-18,5.8861,1.65,2.66%,场内买入,场内卖出
2019-03-19,5.9078,1.6561,0.37%,场内买入,场内卖出
2019-03-20,5.8995,1.6538,-0.14%,场内买入,场内卖出
2019-03-21,5.9809,1.6766,1.38%,场内买入,场内卖出
2019-03-22,6.015,1.6862,0.57%,场内买入,场内卖出
2019-03-25,5.9382,1.6646,-1.28%,场内买入,场内卖出
2019-03-26,5.7718,1.618,-2.80%,场内买入,场内卖出
2019-03-27,5.827,1.6335,0.96%,场内买入,场内卖出
2019-03-28,5.7451,1.6105,-1.41%,场内买入,场内卖出
2019-03-29,5.9357,1.6639,3.32%,场内买入,场内卖出
2019-04-01,6.1615,1.7272,3.80%,场内买入,场内卖出
2019-04-02,6.1802,1.7325,0.30%,场内买入,场内卖出
2019-04-03,6.2454,1.7507,1.06%,场内买入,场内卖出
2019-04-04,6.284,1.7616,0.62%,场内买入,场内卖出
2019-04-08,6.2562,1.7538,-0.44%,场内买入,场内卖出
2019-04-09,6.267,1.7568,0.17%,场内买入,场内卖出
2019-04-10,6.2612,1.7552,-0.09%,场内买入,场内卖出
2019-04-11,6.1296,1.7183,-2.10%,场内买入,场内卖出
2019-04-12,6.1141,1.7139,-0.25%,场内买入,场内卖出
2019-04-15,6.051,1.6962,-1.03%,场内买入,场内卖出
2019-04-16,6.1797,1.7323,2.13%,场内买入,场内卖出
2019-04-17,6.2123,1.7415,0.53%,场内买入,场内卖出
2019-04-18,6.1776,1.7317,-0.56%,场内买入,场内卖出
2019-04-19,6.2144,1.7421,0.60%,场内买入,场内卖出
2019-04-22,6.1214,1.716,-1.50%,场内买入,场内卖出
2019-04-23,6.0215,1.688,-1.63%,场内买入,场内卖出
2019-04-24,6.077,1.7035,0.92%,场内买入,场内卖出
2019-04-25,5.8419,1.6376,-3.87%,场内买入,场内卖出
2019-04-26,5.7894,1.6229,-0.90%,场内买入,场内卖出
2019-04-29,5.6374,1.5803,-2.63%,场内买入,场内卖出
2019-04-30,5.6794,1.5921,0.75%,场内买入,场内卖出
2019-05-06,5.2485,1.4713,-7.59%,场内买入,场内卖出
2019-05-07,5.3193,1.4911,1.35%,场内买入,场内卖出
2019-05-08,5.2954,1.4844,-0.45%,场内买入,场内卖出
2019-05-09,5.2322,1.4667,-1.19%,场内买入,场内卖出
2019-05-10,5.42,1.5194,3.59%,场内买入,场内卖出
2019-05-13,5.3556,1.5013,-1.19%,场内买入,场内卖出
2019-05-14,5.3151,1.49,-0.76%,场内买入,场内卖出
2019-05-15,5.4334,1.5231,2.23%,场内买入,场内卖出
2019-05-16,5.4679,1.5328,0.64%,场内买入,场内卖出
2019-05-17,5.2913,1.4833,-3.23%,场内买入,场内卖出
2019-05-20,5.2713,1.4777,-0.38%,场内买入,场内卖出
2019-05-21,5.3658,1.5042,1.79%,场内买入,场内卖出
2019-05-22,5.3311,1.4944,-0.65%,场内买入,场内卖出
2019-05-23,5.2225,1.464,-2.04%,场内买入,场内卖出
2019-05-24,5.1915,1.4553,-0.59%,场内买入,场内卖出
2019-05-27,5.3229,1.4921,2.53%,场内买入,场内卖出
2019-05-28,5.3153,1.49,-0.14%,场内买入,场内卖出
2019-05-29,5.3173,1.4906,0.04%,场内买入,场内卖出
2019-05-30,5.2841,1.4813,-0.62%,场内买入,场内卖出
2019-05-31,5.2698,1.4773,-0.27%,场内买入,场内卖出
2019-06-03,5.2094,1.4603,-1.15%,场内买入,场内卖出
2019-06-04,5.1479,1.4431,-1.18%,场内买入,场内卖出
2019-06-05,5.1403,1.441,-0.15%,场内买入,场内卖出
2019-06-06,5.0307,1.4102,-2.13%,场内买入,场内卖出
2019-06-10,5.0816,1.4245,1.01%,场内买入,场内卖出
2019-06-11,5.2724,1.478,3.75%,场内买入,场内卖出
2019-06-12,5.2332,1.467,-0.74%,场内买入,场内卖出
2019-06-13,5.2506,1.4719,0.33%,场内买入,场内卖出
2019-06-14,5.1467,1.4427,-1.98%,场内买入,场内卖出
2019-06-17,5.1544,1.4449,0.15%,场内买入,场内卖出
2019-06-18,5.1485,1.4433,-0.11%,场内买入,场内卖出
2019-06-19,5.2183,1.4628,1.36%,场内买入,场内卖出
2019-06-20,5.3258,1.493,2.06%,场内买入,场内卖出
2019-06-21,5.3989,1.5134,1.37%,场内买入,场内卖出
2019-06-24,5.4019,1.5143,0.06%,场内买入,场内卖出
2019-06-25,5.3484,1.4993,-0.99%,场内买入,场内卖出
2019-06-26,5.3386,1.4965,-0.18%,场内买入,场内卖出
2019-06-27,5.3868,1.5101,0.90%,场内买入,场内卖出
2019-06-28,5.3285,1.4937,-1.08%,场内买入,场内卖出
2019-06-30,5.3283,1.4937,%,场内买入,场内卖出
2019-07-01,5.49,1.539,3.03%,场内买入,场内卖出
2019-07-02,5.4725,1.5341,-0.32%,场内买入,场内卖出
2019-07-03,5.426,1.521,-0.85%,场内买入,场内卖出
2019-07-04,5.4096,1.5164,-0.30%,场内买入,场内卖出
2019-07-05,5.4319,1.5227,0.41%,场内买入,场内卖出
2019-07-08,5.2467,1.4708,-3.41%,场内买入,场内卖出
2019-07-09,5.2578,1.4739,0.21%,场内买入,场内卖出
2019-07-10,5.219,1.463,-0.74%,场内买入,场内卖出
2019-07-11,5.2198,1.4632,0.02%,场内买入,场内卖出
2019-07-12,5.2414,1.4693,0.41%,场内买入,场内卖出
2019-07-15,5.3105,1.4887,1.32%,场内买入,场内卖出
2019-07-16,5.3187,1.491,0.15%,场内买入,场内卖出
2019-07-17,5.3158,1.4902,-0.05%,场内买入,场内卖出
2019-07-18,5.2263,1.4651,-1.68%,场内买入,场内卖出
2019-07-19,5.2635,1.4755,0.71%,场内买入,场内卖出
2019-07-22,5.1558,1.4453,-2.05%,场内买入,场内卖出
2019-07-23,5.2062,1.4594,0.98%,场内买入,场内卖出
2019-07-24,5.2594,1.4743,1.02%,场内买入,场内卖出
2019-07-25,5.2796,1.48,0.38%,场内买入,场内卖出
2019-07-26,5.2871,1.4821,0.14%,场内买入,场内卖出
2019-07-29,5.2858,1.4817,-0.02%,场内买入,场内卖出
2019-07-30,5.3148,1.4899,0.55%,场内买入,场内卖出
2019-07-31,5.2944,1.4842,-0.38%,场内买入,场内卖出
2019-08-01,5.2585,1.4741,-0.68%,场内买入,场内卖出
2019-08-02,5.1934,1.4558,-1.24%,场内买入,场内卖出
2019-08-05,5.1317,1.4385,-1.19%,场内买入,场内卖出
2019-08-06,5.021,1.4075,-2.16%,场内买入,场内卖出
2019-08-07,4.9958,1.4004,-0.50%,场内买入,场内卖出
2019-08-08,5.0274,1.4093,0.63%,场内买入,场内卖出
2019-08-09,4.9673,1.3925,-1.20%,场内买入,场内卖出
2019-08-12,5.0583,1.418,1.83%,场内买入,场内卖出
2019-08-13,5.0306,1.4102,-0.55%,场内买入,场内卖出
2019-08-14,5.0592,1.4182,0.57%,场内买入,场内卖出
2019-08-15,5.0847,1.4254,0.50%,场内买入,场内卖出
2019-08-16,5.1031,1.4305,0.36%,场内买入,场内卖出
2019-08-19,5.2682,1.4768,3.24%,场内买入,场内卖出
2019-08-20,5.2658,1.4761,-0.05%,场内买入,场内卖出
2019-08-21,5.276,1.479,0.19%,场内买入,场内卖出
2019-08-22,5.2815,1.4805,0.10%,场内买入,场内卖出
2019-08-23,5.2819,1.4806,0.01%,场内买入,场内卖出
2019-08-26,5.2462,1.4706,-0.68%,场内买入,场内卖出
2019-08-27,5.3336,1.4951,1.67%,场内买入,场内卖出
2019-08-28,5.326,1.493,-0.14%,场内买入,场内卖出
2019-08-29,5.3318,1.4946,0.11%,场内买入,场内卖出
2019-08-30,5.2797,1.48,-0.98%,场内买入,场内卖出
2019-09-02,5.4127,1.5173,2.52%,场内买入,场内卖出
2019-09-03,5.45,1.5278,0.69%,场内买入,场内卖出
2019-09-04,5.5034,1.5427,0.98%,场内买入,场内卖出
2019-09-05,5.5551,1.5572,0.94%,场内买入,场内卖出
2019-09-06,5.5716,1.5619,0.30%,场内买入,场内卖出
2019-09-09,5.6889,1.5947,2.11%,场内买入,场内卖出
2019-09-10,5.67,1.5894,-0.33%,场内买入,场内卖出
2019-09-11,5.6406,1.5812,-0.52%,场内买入,场内卖出
2019-09-12,5.6684,1.589,0.49%,场内买入,场内卖出
2019-09-16,5.6748,1.5908,0.11%,场内买入,场内卖出
2019-09-17,5.556,1.5575,-2.09%,场内买入,场内卖出
2019-09-18,5.5569,1.5577,0.02%,场内买入,场内卖出
2019-09-19,5.6101,1.5727,0.96%,场内买入,场内卖出
2019-09-20,5.6242,1.5766,0.25%,场内买入,场内卖出
2019-09-23,5.588,1.5665,-0.64%,场内买入,场内卖出
2019-09-24,5.5987,1.5695,0.19%,场内买入,场内卖出
2019-09-25,5.4983,1.5413,-1.79%,场内买入,场内卖出
2019-09-26,5.3729,1.5062,-2.28%,场内买入,场内卖出
2019-09-27,5.4101,1.5166,0.69%,场内买入,场内卖出
2019-09-30,5.3404,1.497,-1.29%,场内买入,场内卖出
2019-10-08,5.3401,1.497,-0.01%,场内买入,场内卖出
2019-10-09,5.3842,1.5093,0.83%,场内买入,场内卖出
2019-10-10,5.4523,1.5284,1.26%,场内买入,场内卖出
2019-10-11,5.4634,1.5315,0.20%,场内买入,场内卖出
2019-10-14,5.5446,1.5543,1.49%,场内买入,场内卖出
2019-10-15,5.4693,1.5332,-1.36%,场内买入,场内卖出
2019-10-16,5.4442,1.5261,-0.46%,场内买入,场内卖出
2019-10-17,5.4341,1.5233,-0.19%,场内买入,场内卖出
2019-10-18,5.3599,1.5025,-1.37%,场内买入,场内卖出
2019-10-21,5.3483,1.4993,-0.22%,场内买入,场内卖出
2019-10-22,5.4079,1.516,1.11%,场内买入,场内卖出
2019-10-23,5.3669,1.5045,-0.76%,场内买入,场内卖出
2019-10-24,5.358,1.502,-0.17%,场内买入,场内卖出
2019-10-25,5.3983,1.5133,0.75%,场内买入,场内卖出
2019-10-28,5.4949,1.5404,1.79%,场内买入,场内卖出
2019-10-29,5.4131,1.5174,-1.49%,场内买入,场内卖出
2019-10-30,5.348,1.4992,-1.20%,场内买入,场内卖出
2019-10-31,5.3154,1.49,-0.61%,场内买入,场内卖出
2019-11-01,5.3639,1.5036,0.91%,场内买入,场内卖出
2019-11-04,5.3909,1.5112,0.50%,场内买入,场内卖出
2019-11-05,5.4314,1.5226,0.75%,场内买入,场内卖出
2019-11-06,5.376,1.507,-1.02%,场内买入,场内卖出
2019-11-07,5.412,1.5171,0.67%,场内买入,场内卖出
2019-11-08,5.3926,1.5117,-0.36%,场内买入,场内卖出
2019-11-11,5.2713,1.4777,-2.25%,场内买入,场内卖出
2019-11-12,5.2758,1.4789,0.09%,场内买入,场内卖出
2019-11-13,5.2689,1.477,-0.13%,场内买入,场内卖出
2019-11-14,5.3084,1.4881,0.75%,场内买入,场内卖出
2019-11-15,5.2625,1.4752,-0.86%,场内买入,场内卖出
2019-11-18,5.2884,1.4825,0.49%,场内买入,场内卖出
2019-11-19,5.378,1.5076,1.69%,场内买入,场内卖出
2019-11-20,5.3471,1.4989,-0.57%,场内买入,场内卖出
2019-11-21,5.346,1.4986,-0.02%,场内买入,场内卖出
2019-11-22,5.3004,1.4858,-0.85%,场内买入,场内卖出
2019-11-25,5.298,1.4852,-0.05%,场内买入,场内卖出
2019-11-26,5.2782,1.4796,-0.37%,场内买入,场内卖出
2019-11-27,5.3012,1.4861,0.44%,场内买入,场内卖出
2019-11-28,5.2857,1.4817,-0.29%,场内买入,场内卖出
2019-11-29,5.2918,1.4834,0.12%,场内买入,场内卖出
2019-12-02,5.3031,1.4866,0.21%,场内买入,场内卖出
2019-12-03,5.326,1.493,0.43%,场内买入,场内卖出
2019-12-04,5.3209,1.4916,-0.10%,场内买入,场内卖出
2019-12-05,5.3729,1.5062,0.98%,场内买入,场内卖出
2019-12-06,5.4184,1.5189,0.85%,场内买入,场内卖出
2019-12-09,5.4352,1.5236,0.31%,场内买入,场内卖出
2019-12-10,5.4629,1.5314,0.51%,场内买入,场内卖出
2019-12-11,5.441,1.5252,-0.40%,场内买入,场内卖出
2019-12-12,5.4286,1.5218,-0.23%,场内买入,场内卖出
2019-12-13,5.4971,1.541,1.26%,场内买入,场内卖出
2019-12-16,5.5959,1.5687,1.80%,场内买入,场内卖出
2019-12-17,5.674,1.5906,1.40%,场内买入,场内卖出
2019-12-18,5.6727,1.5902,-0.02%,场内买入,场内卖出
2019-12-19,5.6803,1.5923,0.13%,场内买入,场内卖出
2019-12-20,5.6197,1.5753,-1.07%,场内买入,场内卖出
2019-12-23,5.509,1.5443,-1.97%,场内买入,场内卖出
2019-12-24,5.5918,1.5675,1.50%,场内买入,场内卖出
2019-12-25,5.6135,1.5736,0.39%,场内买入,场内卖出
2019-12-26,5.6527,1.5846,0.70%,场内买入,场内卖出
2019-12-27,5.6113,1.573,-0.73%,场内买入,场内卖出
2019-12-30,5.6799,1.5922,1.22%,场内买入,场内卖出
2019-12-31,5.7077,1.6,0.49%,场内买入,场内卖出
2020-01-02,5.8147,1.63,1.87%,场内买入,场内卖出
2020-01-03,5.8307,1.6345,0.28%,场内买入,场内卖出
2020-01-06,5.8883,1.6506,0.99%,场内买入,场内卖出
2020-01-07,5.9593,1.6705,1.21%,场内买入,场内卖出
2020-01-08,5.8778,1.6477,-1.37%,场内买入,场内卖出
2020-01-09,5.9563,1.6697,1.34%,场内买入,场内卖出
2020-01-10,5.9387,1.6648,-0.30%,场内买入,场内卖出
2020-01-13,6.0237,1.6886,1.43%,场内买入,场内卖出
2020-01-14,6.0065,1.6838,-0.29%,场内买入,场内卖出
2020-01-15,5.9929,1.68,-0.23%,场内买入,场内卖出
2020-01-16,5.9901,1.6792,-0.05%,场内买入,场内卖出
2020-01-17,5.9713,1.6739,-0.31%,场内买入,场内卖出
2020-01-20,6.055,1.6974,1.40%,场内买入,场内卖出
2020-01-21,5.9856,1.6779,-1.15%,场内买入,场内卖出
2020-01-22,6.0416,1.6936,0.94%,场内买入,场内卖出
2020-01-23,5.8247,1.6328,-3.59%,场内买入,场内卖出
2020-02-03,5.3142,1.4897,-8.76%,场内买入,场内卖出
2020-02-04,5.4099,1.5165,1.80%,场内买入,场内卖出
2020-02-05,5.5464,1.5548,2.52%,场内买入,场内卖出
2020-02-06,5.7192,1.6032,3.12%,场内买入,场内卖出
2020-02-07,5.7664,1.6165,0.83%,场内买入,场内卖出
2020-02-10,5.8317,1.6348,1.13%,场内买入,场内卖出
2020-02-11,5.8043,1.6271,-0.47%,场内买入,场内卖出
2020-02-12,5.91,1.6567,1.82%,场内买入,场内卖出
2020-02-13,5.8606,1.6429,-0.84%,场内买入,场内卖出
2020-02-14,5.8689,1.6452,0.14%,场内买入,场内卖出
2020-02-17,6.0587,1.6984,3.23%,场内买入,场内卖出
2020-02-18,6.1287,1.718,1.16%,场内买入,场内卖出
2020-02-19,6.0681,1.701,-0.99%,场内买入,场内卖出
2020-02-20,6.1794,1.7322,1.83%,场内买入,场内卖出
2020-02-21,6.263,1.7557,1.35%,场内买入,场内卖出
2020-02-24,6.3498,1.78,1.39%,场内买入,场内卖出
2020-02-25,6.3831,1.7893,0.52%,场内买入,场内卖出
2020-02-26,6.218,1.7431,-2.59%,场内买入,场内卖出
2020-02-27,6.228,1.7459,0.16%,场内买入,场内卖出
2020-02-28,5.9006,1.6541,-5.26%,场内买入,场内卖出
2020-03-02,6.1232,1.7165,3.77%,场内买入,场内卖出
2020-03-03,6.179,1.7321,0.91%,场内买入,场内卖出
2020-03-04,6.1849,1.7338,0.10%,场内买入,场内卖出
2020-03-05,6.2781,1.7599,1.51%,场内买入,场内卖出
2020-03-06,6.2375,1.7485,-0.65%,场内买入,场内卖出
2020-03-09,5.9796,1.6762,-4.13%,场内买入,场内卖出
2020-03-10,6.1426,1.7219,2.73%,场内买入,场内卖出
2020-03-11,6.0505,1.6961,-1.50%,场内买入,场内卖出
2020-03-12,5.9455,1.6667,-1.74%,场内买入,场内卖出
2020-03-13,5.9067,1.6558,-0.65%,场内买入,场内卖出
2020-03-16,5.6294,1.5781,-4.69%,场内买入,场内卖出
2020-03-17,5.6401,1.5811,0.19%,场内买入,场内卖出
2020-03-18,5.5407,1.5532,-1.76%,场内买入,场内卖出
2020-03-19,5.5817,1.5647,0.74%,场内买入,场内卖出
2020-03-20,5.6485,1.5834,1.20%,场内买入,场内卖出
2020-03-23,5.412,1.5171,-4.19%,场内买入,场内卖出
2020-03-24,5.5159,1.5462,1.92%,场内买入,场内卖出
2020-03-25,5.6473,1.5831,2.38%,场内买入,场内卖出
2020-03-26,5.5911,1.5673,-1.00%,场内买入,场内卖出
2020-03-27,5.5611,1.5589,-0.54%,场内买入,场内卖出
2020-03-30,5.442,1.5255,-2.14%,场内买入,场内卖出
2020-03-31,5.4561,1.5295,0.26%,场内买入,场内卖出
2020-04-01,5.4324,1.5228,-0.43%,场内买入,场内卖出
2020-04-02,5.571,1.5617,2.55%,场内买入,场内卖出
2020-04-03,5.5281,1.5497,-0.77%,场内买入,场内卖出
2020-04-07,5.702,1.5984,3.15%,场内买入,场内卖出
2020-04-08,5.7065,1.5997,0.08%,场内买入,场内卖出
2020-04-09,5.7613,1.615,0.96%,场内买入,场内卖出
2020-04-10,5.6387,1.5807,-2.13%,场内买入,场内卖出
2020-04-13,5.5959,1.5687,-0.76%,场内买入,场内卖出
2020-04-14,5.7243,1.6047,2.29%,场内买入,场内卖出
2020-04-15,5.7037,1.5989,-0.36%,场内买入,场内卖出
2020-04-16,5.756,1.6135,0.92%,场内买入,场内卖出
2020-04-17,5.7576,1.614,0.03%,场内买入,场内卖出
2020-04-20,5.8248,1.6328,1.17%,场内买入,场内卖出
2020-04-21,5.7829,1.6211,-0.72%,场内买入,场内卖出
2020-04-22,5.8307,1.6345,0.83%,场内买入,场内卖出
2020-04-23,5.8,1.6259,-0.53%,场内买入,场内卖出
2020-04-24,5.7096,1.6005,-1.56%,场内买入,场内卖出
2020-04-27,5.7019,1.5984,-0.13%,场内买入,场内卖出
2020-04-28,5.6608,1.5869,-0.72%,场内买入,场内卖出
2020-04-29,5.6614,1.587,0.01%,场内买入,场内卖出
2020-04-30,5.8005,1.626,2.46%,场内买入,场内卖出
2020-05-06,5.9046,1.6552,1.79%,场内买入,场内卖出
2020-05-07,5.8985,1.6535,-0.10%,场内买入,场内卖出
2020-05-08,5.9659,1.6724,1.14%,场内买入,场内卖出
2020-05-11,5.9532,1.6688,-0.21%,场内买入,场内卖出
2020-05-12,5.9707,1.6737,0.29%,场内买入,场内卖出
2020-05-13,5.9981,1.6814,0.46%,场内买入,场内卖出
2020-05-14,5.9461,1.6668,-0.87%,场内买入,场内卖出
2020-05-15,5.9703,1.6736,0.41%,场内买入,场内卖出
2020-05-18,5.9412,1.6655,-0.49%,场内买入,场内卖出
2020-05-19,6.0145,1.686,1.23%,场内买入,场内卖出
2020-05-20,5.9542,1.6691,-1.00%,场内买入,场内卖出
2020-05-21,5.8868,1.6502,-1.13%,场内买入,场内卖出
2020-05-22,5.7824,1.621,-1.77%,场内买入,场内卖出
2020-05-25,5.7687,1.6171,-0.24%,场内买入,场内卖出
2020-05-26,5.8817,1.6488,1.96%,场内买入,场内卖出
2020-05-27,5.8275,1.6336,-0.92%,场内买入,场内卖出
2020-05-28,5.82,1.6315,-0.13%,场内买入,场内卖出
2020-05-29,5.8716,1.646,0.89%,场内买入,场内卖出
2020-06-01,6.0521,1.6966,3.07%,场内买入,场内卖出
2020-06-02,6.0498,1.6959,-0.04%,场内买入,场内卖出
2020-06-03,6.0568,1.6979,0.12%,场内买入,场内卖出
2020-06-04,6.0617,1.6992,0.08%,场内买入,场内卖出
2020-06-05,6.0729,1.7024,0.18%,场内买入,场内卖出
2020-06-08,6.0622,1.6994,-0.18%,场内买入,场内卖出
2020-06-09,6.101,1.7103,0.64%,场内买入,场内卖出
2020-06-10,6.1083,1.7123,0.12%,场内买入,场内卖出
2020-06-11,6.0838,1.7054,-0.40%,场内买入,场内卖出
2020-06-12,6.093,1.708,0.15%,场内买入,场内卖出
2020-06-15,6.0911,1.7075,-0.03%,场内买入,场内卖出
2020-06-16,6.206,1.7397,1.89%,场内买入,场内卖出
2020-06-17,6.2489,1.7517,0.69%,场内买入,场内卖出
2020-06-18,6.2515,1.7525,0.04%,场内买入,场内卖出
2020-06-19,6.3163,1.7706,1.04%,场内买入,场内卖出
2020-06-22,6.3151,1.7703,-0.02%,场内买入,场内卖出
2020-06-23,6.3369,1.7764,0.35%,场内买入,场内卖出
2020-06-24,6.3247,1.773,-0.19%,场内买入,场内卖出
2020-06-29,6.2973,1.7653,-0.43%,场内买入,场内卖出
2020-06-30,6.4106,1.7971,1.80%,场内买入,场内卖出
2020-07-01,6.4304,1.8026,0.31%,场内买入,场内卖出
2020-07-02,6.5369,1.8325,1.66%,场内买入,场内卖出
2020-07-03,6.6229,1.8566,1.32%,场内买入,场内卖出
2020-07-06,6.9031,1.9351,4.23%,场内买入,场内卖出
2020-07-07,6.9938,1.9605,1.31%,场内买入,场内卖出
2020-07-08,7.1632,2.008,2.42%,场内买入,场内卖出
2020-07-09,7.3358,2.0564,2.41%,场内买入,场内卖出
2020-07-10,7.32,2.052,-0.22%,场内买入,场内卖出
2020-07-13,7.5643,2.1205,3.34%,场内买入,场内卖出
2020-07-14,7.4625,2.0919,-1.35%,场内买入,场内卖出
2020-07-15,7.2823,2.0414,-2.41%,场内买入,场内卖出
2020-07-16,6.9368,1.9446,-4.74%,场内买入,场内卖出
2020-07-17,6.9636,1.9521,0.39%,场内买入,场内卖出
2020-07-20,7.1625,2.0078,2.86%,场内买入,场内卖出
2020-07-21,7.2031,2.0192,0.57%,场内买入,场内卖出
2020-07-22,7.2677,2.0373,0.90%,场内买入,场内卖出
2020-07-23,7.2681,2.0374,0.01%,场内买入,场内卖出
2020-07-24,6.8996,1.9341,-5.07%,场内买入,场内卖出
2020-07-27,6.9146,1.9383,0.22%,场内买入,场内卖出
2020-07-28,6.9793,1.9565,0.94%,场内买入,场内卖出
2020-07-29,7.172,2.0105,2.76%,场内买入,场内卖出
2020-07-30,7.1515,2.0047,-0.29%,场内买入,场内卖出
2020-07-31,7.2259,2.0256,1.04%,场内买入,场内卖出
2020-08-03,7.4024,2.0751,2.44%,场内买入,场内卖出
2020-08-04,7.3568,2.0623,-0.62%,场内买入,场内卖出
2020-08-05,7.4375,2.0849,1.10%,场内买入,场内卖出
2020-08-06,7.4348,2.0842,-0.04%,场内买入,场内卖出
2020-08-07,7.3458,2.0592,-1.20%,场内买入,场内卖出
2020-08-10,7.388,2.071,0.57%,场内买入,场内卖出
2020-08-11,7.2517,2.0328,-1.84%,场内买入,场内卖出
2020-08-12,7.1697,2.0098,-1.13%,场内买入,场内卖出
2020-08-13,7.197,2.0175,0.38%,场内买入,场内卖出
2020-08-14,7.2779,2.0402,1.12%,场内买入,场内卖出
2020-08-17,7.4123,2.0779,1.85%,场内买入,场内卖出
2020-08-18,7.4616,2.0917,0.67%,场内买入,场内卖出
2020-08-19,7.327,2.0539,-1.80%,场内买入,场内卖出
2020-08-20,7.2474,2.0316,-1.09%,场内买入,场内卖出
2020-08-21,7.3009,2.0466,0.74%,场内买入,场内卖出
2020-08-24,7.3521,2.061,0.70%,场内买入,场内卖出
2020-08-25,7.3121,2.0498,-0.54%,场内买入,场内卖出
2020-08-26,7.1745,2.0112,-1.88%,场内买入,场内卖出
2020-08-27,7.2339,2.0278,0.83%,场内买入,场内卖出
2020-08-28,7.3601,2.0632,1.74%,场内买入,场内卖出
2020-08-31,7.3355,2.0563,-0.33%,场内买入,场内卖出
2020-09-01,7.3804,2.0689,0.61%,场内买入,场内卖出
2020-09-02,7.3881,2.0711,0.10%,场内买入,场内卖出
2020-09-03,7.3267,2.0539,-0.83%,场内买入,场内卖出
2020-09-04,7.2803,2.0408,-0.63%,场内买入,场内卖出
2020-09-07,7.1281,1.9982,-2.09%,场内买入,场内卖出
2020-09-08,7.1791,2.0125,0.72%,场内买入,场内卖出
2020-09-09,6.9876,1.9588,-2.67%,场内买入,场内卖出
2020-09-10,6.8629,1.9238,-1.78%,场内买入,场内卖出
2020-09-11,6.9449,1.9468,1.19%,场内买入,场内卖出
